Sub Category,Price_mod,Discount_mod,Rating_mod,No_Reviews,buyingProspect
1,56.99,0.0,4.3,265.0,1139.5
1,159.99,0.0,5.0,1.0,5.0
1,44.99,0.0,4.1,441.0,1808.1
1,39.99,0.0,4.7,9459.0,44457.3
1,59.99,0.0,4.5,758.0,3411.0
1,59.99,0.0,4.4,369.0,1623.6000000000001
1,74.99,0.0,4.7,2241.0,10532.7
1,59.99,0.0,4.4,232.0,1020.8000000000001
1,29.99,0.0,4.4,1679.0,7387.6
1,159.99,0.0,5.0,2.0,10.0
1,62.99,0.0,4.0,357.0,1428.0
1,299.99,0.0,3.0,1.0,3.0
1,54.99,0.0,4.7,273.0,1283.1000000000001
1,54.99,0.0,4.6,369.0,1697.3999999999999
1,89.99,0.0,4.6,133.0,611.8
1,59.99,0.0,4.5,452.0,2034.0
1,89.99,0.0,0.0,706.2771474878444,0.0
1,49.99,0.0,4.2,85.0,357.0
1,159.99,0.0,1.5,2.0,3.0
1,89.99,0.0,0.0,706.2771474878444,0.0
1,99.99,0.0,3.6,5.0,18.0
1,89.99,0.0,3.0,2.0,6.0
1,24.99,0.0,4.7,687.0,3228.9
1,39.99,0.0,4.3,845.0,3633.5
1,72.99,0.0,4.3,87.0,374.09999999999997
1,119.99,0.0,2.2,4.0,8.8
1,109.99,0.0,4.2,181.0,760.2
1,99.99,0.0,4.0,16.0,64.0
1,34.99,0.0,4.5,702.0,3159.0
1,59.99,0.0,4.2,137.0,575.4
1,89.99,0.0,3.0,5.0,15.0
1,89.99,0.0,0.0,706.2771474878444,0.0
1,59.99,0.0,0.0,706.2771474878444,0.0
2,99.99,30.0,4.5,28.0,126.0
2,27.99,0.0,3.949852507374631,706.2771474878444,2789.6905619062645
2,21.99,0.0,3.949852507374631,706.2771474878444,2789.6905619062645
2,20.99,5.0,3.949852507374631,706.2771474878444,2789.6905619062645
2,19.99,5.0,3.949852507374631,706.2771474878444,2789.6905619062645
2,19.99,5.0,3.949852507374631,706.2771474878444,2789.6905619062645
2,439.99,0.8085665334094803,4.3,1957.0,8415.1
2,9.99,0.0,3.949852507374631,706.2771474878444,2789.6905619062645
2,14.99,0.0,3.949852507374631,706.2771474878444,2789.6905619062645
2,21.99,0.0,3.949852507374631,706.2771474878444,2789.6905619062645
2,18.99,0.0,3.949852507374631,706.2771474878444,2789.6905619062645
2,21.49,0.0,3.949852507374631,706.2771474878444,2789.6905619062645
2,17.99,0.0,3.949852507374631,706.2771474878444,2789.6905619062645
2,89.99,20.0,4.4,40.0,176.0
2,23.99,0.0,3.949852507374631,706.2771474878444,2789.6905619062645
2,4.99,0.0,3.949852507374631,706.2771474878444,2789.6905619062645
2,24.99,0.0,3.949852507374631,706.2771474878444,2789.6905619062645
2,18.99,0.0,3.949852507374631,706.2771474878444,2789.6905619062645
2,54.99,0.0,4.8,33.0,158.4
2,12.99,0.0,3.949852507374631,706.2771474878444,2789.6905619062645
2,21.99,0.0,3.949852507374631,706.2771474878444,2789.6905619062645
2,18.99,0.0,3.949852507374631,706.2771474878444,2789.6905619062645
2,18.99,0.0,3.949852507374631,706.2771474878444,2789.6905619062645
2,32.99,0.0,5.0,1.0,5.0
2,29.99,0.0,3.949852507374631,706.2771474878444,2789.6905619062645
2,21.99,0.0,3.949852507374631,706.2771474878444,2789.6905619062645
2,13.79,0.0,3.949852507374631,706.2771474878444,2789.6905619062645
2,23.49,0.0,3.949852507374631,706.2771474878444,2789.6905619062645
2,19.99,0.0,3.949852507374631,706.2771474878444,2789.6905619062645
2,14.99,0.0,3.949852507374631,706.2771474878444,2789.6905619062645
2,21.99,0.0,3.949852507374631,706.2771474878444,2789.6905619062645
2,13.79,0.0,3.949852507374631,706.2771474878444,2789.6905619062645
2,14.99,0.0,3.949852507374631,706.2771474878444,2789.6905619062645
2,34.99,0.0,4.5,1911.0,8599.5
2,39.99,0.0,4.0,138.0,552.0
2,19.99,0.0,3.949852507374631,706.2771474878444,2789.6905619062645
2,22.99,0.0,3.949852507374631,706.2771474878444,2789.6905619062645
2,49.99,0.0,4.8,1150.0,5520.0
2,14.99,0.0,3.949852507374631,706.2771474878444,2789.6905619062645
2,8.99,0.0,3.949852507374631,706.2771474878444,2789.6905619062645
2,23.99,0.0,3.949852507374631,706.2771474878444,2789.6905619062645
2,12.99,0.0,3.949852507374631,706.2771474878444,2789.6905619062645
2,21.99,0.0,3.949852507374631,706.2771474878444,2789.6905619062645
2,23.99,0.0,3.949852507374631,706.2771474878444,2789.6905619062645
2,15.99,0.0,3.949852507374631,706.2771474878444,2789.6905619062645
2,12.99,0.0,3.949852507374631,706.2771474878444,2789.6905619062645
2,13.79,0.0,3.949852507374631,706.2771474878444,2789.6905619062645
2,28.99,0.0,3.949852507374631,706.2771474878444,2789.6905619062645
2,27.99,0.0,3.949852507374631,706.2771474878444,2789.6905619062645
2,23.99,0.0,3.949852507374631,706.2771474878444,2789.6905619062645
2,34.99,0.0,4.7,2340.0,10998.0
2,15.99,0.0,3.949852507374631,706.2771474878444,2789.6905619062645
2,12.99,0.0,3.949852507374631,706.2771474878444,2789.6905619062645
2,23.99,0.0,3.949852507374631,706.2771474878444,2789.6905619062645
2,39.99,5.0,3.949852507374631,706.2771474878444,2789.6905619062645
2,16.49,0.0,3.949852507374631,706.2771474878444,2789.6905619062645
2,549.99,0.0,3.6,15.0,54.0
2,17.49,4.5,3.949852507374631,706.2771474878444,2789.6905619062645
2,25.99,0.0,3.949852507374631,706.2771474878444,2789.6905619062645
2,11.69,0.0,3.949852507374631,706.2771474878444,2789.6905619062645
2,59.99,0.0,4.8,312.0,1497.6
2,69.99,0.0,4.0,777.0,3108.0
2,21.99,0.0,3.949852507374631,706.2771474878444,2789.6905619062645
2,19.99,0.0,3.949852507374631,706.2771474878444,2789.6905619062645
2,21.79,0.0,3.949852507374631,706.2771474878444,2789.6905619062645
2,99.99,0.0,4.1,753.0,3087.2999999999997
2,17.99,0.0,3.949852507374631,706.2771474878444,2789.6905619062645
2,29.99,0.0,3.949852507374631,706.2771474878444,2789.6905619062645
2,18.99,0.0,3.949852507374631,706.2771474878444,2789.6905619062645
2,37.99,0.0,3.949852507374631,706.2771474878444,2789.6905619062645
2,19.99,0.0,3.949852507374631,706.2771474878444,2789.6905619062645
2,139.99,0.0,3.8,49.0,186.2
2,18.99,0.0,3.949852507374631,706.2771474878444,2789.6905619062645
2,37.99,0.0,3.949852507374631,706.2771474878444,2789.6905619062645
2,159.99,0.0,4.3,210.0,903.0
2,19.99,0.0,3.949852507374631,706.2771474878444,2789.6905619062645
2,13.79,0.0,3.949852507374631,706.2771474878444,2789.6905619062645
2,13.79,0.0,3.949852507374631,706.2771474878444,2789.6905619062645
2,23.99,0.0,3.949852507374631,706.2771474878444,2789.6905619062645
2,17.99,0.0,3.949852507374631,706.2771474878444,2789.6905619062645
2,9.99,0.0,3.949852507374631,706.2771474878444,2789.6905619062645
2,21.99,0.0,3.949852507374631,706.2771474878444,2789.6905619062645
2,14.99,0.0,3.949852507374631,706.2771474878444,2789.6905619062645
2,41.99,0.0,3.949852507374631,706.2771474878444,2789.6905619062645
2,15.99,0.0,3.949852507374631,706.2771474878444,2789.6905619062645
2,99.99,0.0,5.0,6.0,30.0
2,18.49,0.0,3.949852507374631,706.2771474878444,2789.6905619062645
2,17.99,0.0,3.949852507374631,706.2771474878444,2789.6905619062645
2,15.99,0.0,3.949852507374631,706.2771474878444,2789.6905619062645
2,18.99,0.0,3.949852507374631,706.2771474878444,2789.6905619062645
2,69.99,0.0,4.9,62.0,303.8
2,19.99,0.0,3.949852507374631,706.2771474878444,2789.6905619062645
2,37.99,0.0,3.949852507374631,706.2771474878444,2789.6905619062645
2,12.99,0.0,3.949852507374631,706.2771474878444,2789.6905619062645
2,12.99,0.0,3.949852507374631,706.2771474878444,2789.6905619062645
2,28.99,0.0,3.949852507374631,706.2771474878444,2789.6905619062645
2,74.99,0.0,4.3,354.0,1522.2
2,23.99,0.0,3.949852507374631,706.2771474878444,2789.6905619062645
2,18.99,0.0,3.949852507374631,706.2771474878444,2789.6905619062645
2,16.99,0.0,3.949852507374631,706.2771474878444,2789.6905619062645
2,41.99,0.0,3.949852507374631,706.2771474878444,2789.6905619062645
2,18.99,0.0,3.949852507374631,706.2771474878444,2789.6905619062645
2,15.99,0.0,3.949852507374631,706.2771474878444,2789.6905619062645
2,36.99,0.0,3.949852507374631,706.2771474878444,2789.6905619062645
2,54.99,0.0,4.7,6.0,28.200000000000003
2,28.99,0.0,3.949852507374631,706.2771474878444,2789.6905619062645
2,36.99,0.0,3.949852507374631,706.2771474878444,2789.6905619062645
2,23.49,0.0,3.949852507374631,706.2771474878444,2789.6905619062645
2,20.99,0.0,3.949852507374631,706.2771474878444,2789.6905619062645
2,99.99,0.0,4.0,35.0,140.0
2,14.99,0.0,3.949852507374631,706.2771474878444,2789.6905619062645
2,39.99,0.0,3.949852507374631,706.2771474878444,2789.6905619062645
2,10.99,0.0,3.949852507374631,706.2771474878444,2789.6905619062645
2,23.99,0.0,3.949852507374631,706.2771474878444,2789.6905619062645
2,23.99,0.0,3.949852507374631,706.2771474878444,2789.6905619062645
2,41.99,0.0,3.949852507374631,706.2771474878444,2789.6905619062645
2,61.99,0.0,3.949852507374631,706.2771474878444,2789.6905619062645
2,10.99,0.0,3.949852507374631,706.2771474878444,2789.6905619062645
2,39.99,0.0,3.949852507374631,706.2771474878444,2789.6905619062645
2,22.99,0.0,3.949852507374631,706.2771474878444,2789.6905619062645
2,61.99,0.0,3.949852507374631,706.2771474878444,2789.6905619062645
2,24.99,0.0,4.0,3.0,12.0
2,39.99,0.0,4.8,1251.0,6004.8
2,9.99,0.0,3.949852507374631,706.2771474878444,2789.6905619062645
2,15.99,0.0,3.949852507374631,706.2771474878444,2789.6905619062645
2,22.99,0.0,3.949852507374631,706.2771474878444,2789.6905619062645
2,9.99,0.0,3.949852507374631,706.2771474878444,2789.6905619062645
2,89.99,0.0,4.2,90.0,378.0
2,17.99,0.0,3.949852507374631,706.2771474878444,2789.6905619062645
2,49.99,0.0,3.949852507374631,706.2771474878444,2789.6905619062645
2,41.99,0.0,3.949852507374631,706.2771474878444,2789.6905619062645
2,41.99,0.0,3.949852507374631,706.2771474878444,2789.6905619062645
2,39.99,5.0,3.949852507374631,706.2771474878444,2789.6905619062645
2,17.99,0.0,3.949852507374631,706.2771474878444,2789.6905619062645
2,20.99,0.0,3.949852507374631,706.2771474878444,2789.6905619062645
2,41.99,0.0,3.949852507374631,706.2771474878444,2789.6905619062645
2,41.99,0.0,3.949852507374631,706.2771474878444,2789.6905619062645
2,21.99,0.0,3.949852507374631,706.2771474878444,2789.6905619062645
2,22.99,0.0,3.949852507374631,706.2771474878444,2789.6905619062645
2,49.99,0.0,3.949852507374631,706.2771474878444,2789.6905619062645
2,23.99,0.0,3.949852507374631,706.2771474878444,2789.6905619062645
2,9.99,0.0,3.949852507374631,706.2771474878444,2789.6905619062645
2,17.59,0.0,3.949852507374631,706.2771474878444,2789.6905619062645
2,49.99,0.0,3.949852507374631,706.2771474878444,2789.6905619062645
2,49.99,0.0,3.949852507374631,706.2771474878444,2789.6905619062645
2,23.99,0.0,3.949852507374631,706.2771474878444,2789.6905619062645
2,11.99,0.0,3.949852507374631,706.2771474878444,2789.6905619062645
2,24.49,0.0,3.7,21.0,77.7
3,10.49,4.0,3.949852507374631,706.2771474878444,2789.6905619062645
3,9.69,0.0,3.949852507374631,706.2771474878444,2789.6905619062645
3,8.19,2.8,3.949852507374631,706.2771474878444,2789.6905619062645
3,9.99,0.0,3.949852507374631,706.2771474878444,2789.6905619062645
3,28.99,8.0,4.8,1275.0,6120.0
3,36.99,0.0,4.7,149.0,700.3000000000001
3,14.99,0.0,3.949852507374631,706.2771474878444,2789.6905619062645
3,9.99,0.0,3.949852507374631,706.2771474878444,2789.6905619062645
3,10.49,0.0,3.949852507374631,706.2771474878444,2789.6905619062645
3,12.99,0.0,3.949852507374631,706.2771474878444,2789.6905619062645
3,9.49,0.0,3.949852507374631,706.2771474878444,2789.6905619062645
3,12.49,0.0,3.949852507374631,706.2771474878444,2789.6905619062645
3,10.99,0.0,3.949852507374631,706.2771474878444,2789.6905619062645
3,9.99,0.0,3.949852507374631,706.2771474878444,2789.6905619062645
3,11.99,4.0,3.949852507374631,706.2771474878444,2789.6905619062645
3,9.99,0.0,3.949852507374631,706.2771474878444,2789.6905619062645
3,11.99,0.0,3.949852507374631,706.2771474878444,2789.6905619062645
3,10.99,0.0,3.949852507374631,706.2771474878444,2789.6905619062645
3,10.99,0.0,3.949852507374631,706.2771474878444,2789.6905619062645
3,12.69,0.0,3.949852507374631,706.2771474878444,2789.6905619062645
3,14.99,0.0,3.949852507374631,706.2771474878444,2789.6905619062645
4,16.99,0.0,3.949852507374631,706.2771474878444,2789.6905619062645
4,15.99,0.0,3.949852507374631,706.2771474878444,2789.6905619062645
4,16.99,0.0,3.949852507374631,706.2771474878444,2789.6905619062645
4,22.99,0.0,3.949852507374631,706.2771474878444,2789.6905619062645
4,10.99,4.0,3.949852507374631,706.2771474878444,2789.6905619062645
4,11.99,0.0,3.949852507374631,706.2771474878444,2789.6905619062645
4,15.99,0.0,3.949852507374631,706.2771474878444,2789.6905619062645
4,34.99,0.0,3.949852507374631,706.2771474878444,2789.6905619062645
4,29.99,0.0,4.8,227.0,1089.6
4,11.99,4.0,3.949852507374631,706.2771474878444,2789.6905619062645
4,14.99,0.0,3.949852507374631,706.2771474878444,2789.6905619062645
4,24.99,0.0,3.949852507374631,706.2771474878444,2789.6905619062645
4,39.99,0.0,3.949852507374631,706.2771474878444,2789.6905619062645
4,29.99,0.0,4.9,761.0,3728.9
4,15.99,0.0,3.949852507374631,706.2771474878444,2789.6905619062645
4,11.99,0.0,3.949852507374631,706.2771474878444,2789.6905619062645
4,44.99,0.0,0.0,706.2771474878444,0.0
4,31.99,0.0,3.949852507374631,706.2771474878444,2789.6905619062645
4,17.99,0.0,3.949852507374631,706.2771474878444,2789.6905619062645
4,49.99,0.0,4.7,1452.0,6824.400000000001
4,18.99,0.0,4.7,601.0,2824.7000000000003
4,14.99,0.0,3.949852507374631,706.2771474878444,2789.6905619062645
4,54.99,0.0,4.7,228.0,1071.6000000000001
4,15.99,0.0,3.949852507374631,706.2771474878444,2789.6905619062645
4,32.99,0.0,4.0,12.0,48.0
4,44.99,0.0,2.5,2.0,5.0
4,32.99,0.0,3.4,7.0,23.8
4,28.99,0.0,3.949852507374631,706.2771474878444,2789.6905619062645
4,12.99,0.0,3.949852507374631,706.2771474878444,2789.6905619062645
4,19.99,0.0,3.949852507374631,706.2771474878444,2789.6905619062645
4,15.49,0.0,3.949852507374631,706.2771474878444,2789.6905619062645
4,10.99,0.0,3.949852507374631,706.2771474878444,2789.6905619062645
4,21.99,0.0,3.949852507374631,706.2771474878444,2789.6905619062645
4,46.99,0.0,4.6,165.0,758.9999999999999
4,11.49,0.0,3.949852507374631,706.2771474878444,2789.6905619062645
4,39.99,0.0,3.949852507374631,706.2771474878444,2789.6905619062645
4,16.39,3.6,3.949852507374631,706.2771474878444,2789.6905619062645
4,19.99,0.0,3.949852507374631,706.2771474878444,2789.6905619062645
4,17.49,0.0,3.949852507374631,706.2771474878444,2789.6905619062645
4,29.99,0.0,3.949852507374631,706.2771474878444,2789.6905619062645
4,19.99,0.0,3.949852507374631,706.2771474878444,2789.6905619062645
4,15.99,0.0,3.949852507374631,706.2771474878444,2789.6905619062645
4,18.99,0.0,3.949852507374631,706.2771474878444,2789.6905619062645
4,14.99,0.0,3.949852507374631,706.2771474878444,2789.6905619062645
4,15.99,0.0,3.949852507374631,706.2771474878444,2789.6905619062645
4,34.99,0.0,4.6,6766.0,31123.6
4,17.99,0.0,3.949852507374631,706.2771474878444,2789.6905619062645
4,18.99,0.0,3.949852507374631,706.2771474878444,2789.6905619062645
4,13.99,0.0,3.949852507374631,706.2771474878444,2789.6905619062645
4,19.99,0.0,3.949852507374631,706.2771474878444,2789.6905619062645
4,16.39,3.6,3.949852507374631,706.2771474878444,2789.6905619062645
4,39.99,0.0,3.949852507374631,706.2771474878444,2789.6905619062645
4,9.99,0.0,3.949852507374631,706.2771474878444,2789.6905619062645
4,19.99,0.0,3.949852507374631,706.2771474878444,2789.6905619062645
4,17.99,0.0,3.949852507374631,706.2771474878444,2789.6905619062645
4,11.99,0.0,3.949852507374631,706.2771474878444,2789.6905619062645
4,16.99,0.0,3.949852507374631,706.2771474878444,2789.6905619062645
4,16.99,0.0,3.949852507374631,706.2771474878444,2789.6905619062645
4,11.49,0.0,3.949852507374631,706.2771474878444,2789.6905619062645
4,19.99,0.0,3.949852507374631,706.2771474878444,2789.6905619062645
4,17.99,0.0,3.949852507374631,706.2771474878444,2789.6905619062645
4,44.99,0.0,3.949852507374631,706.2771474878444,2789.6905619062645
4,10.99,3.0,3.949852507374631,706.2771474878444,2789.6905619062645
4,8.99,0.0,3.949852507374631,706.2771474878444,2789.6905619062645
4,24.99,0.0,3.949852507374631,706.2771474878444,2789.6905619062645
4,24.99,0.0,3.949852507374631,706.2771474878444,2789.6905619062645
4,16.49,0.0,3.949852507374631,706.2771474878444,2789.6905619062645
4,10.49,1.5,3.949852507374631,706.2771474878444,2789.6905619062645
4,11.99,0.0,3.949852507374631,706.2771474878444,2789.6905619062645
4,34.99,0.0,4.7,2848.0,13385.6
4,14.99,0.0,3.949852507374631,706.2771474878444,2789.6905619062645
4,38.99,0.0,3.949852507374631,706.2771474878444,2789.6905619062645
4,10.99,3.0,3.949852507374631,706.2771474878444,2789.6905619062645
4,34.99,0.0,4.6,345.0,1586.9999999999998
4,34.99,0.0,3.949852507374631,706.2771474878444,2789.6905619062645
4,10.99,3.0,3.949852507374631,706.2771474878444,2789.6905619062645
4,11.49,0.0,3.949852507374631,706.2771474878444,2789.6905619062645
4,19.99,0.0,3.949852507374631,706.2771474878444,2789.6905619062645
4,19.99,0.0,3.949852507374631,706.2771474878444,2789.6905619062645
4,39.99,0.0,3.949852507374631,706.2771474878444,2789.6905619062645
4,36.99,0.0,3.949852507374631,706.2771474878444,2789.6905619062645
4,26.99,0.0,3.949852507374631,706.2771474878444,2789.6905619062645
4,11.99,0.0,3.949852507374631,706.2771474878444,2789.6905619062645
4,49.99,0.0,3.949852507374631,706.2771474878444,2789.6905619062645
4,13.49,0.0,3.949852507374631,706.2771474878444,2789.6905619062645
4,14.99,0.0,3.949852507374631,706.2771474878444,2789.6905619062645
4,26.99,0.0,3.949852507374631,706.2771474878444,2789.6905619062645
4,37.99,0.0,3.949852507374631,706.2771474878444,2789.6905619062645
4,39.99,0.0,3.949852507374631,706.2771474878444,2789.6905619062645
4,18.99,0.0,3.949852507374631,706.2771474878444,2789.6905619062645
4,19.99,0.0,3.949852507374631,706.2771474878444,2789.6905619062645
4,49.99,0.0,3.949852507374631,706.2771474878444,2789.6905619062645
4,16.99,0.0,3.949852507374631,706.2771474878444,2789.6905619062645
4,14.99,0.0,3.949852507374631,706.2771474878444,2789.6905619062645
4,19.99,0.0,3.949852507374631,706.2771474878444,2789.6905619062645
4,11.99,3.0,3.949852507374631,706.2771474878444,2789.6905619062645
4,18.99,0.0,4.7,68.0,319.6
4,34.99,0.0,3.949852507374631,706.2771474878444,2789.6905619062645
4,19.99,0.0,3.949852507374631,706.2771474878444,2789.6905619062645
4,21.99,0.0,3.949852507374631,706.2771474878444,2789.6905619062645
4,14.49,0.0,3.949852507374631,706.2771474878444,2789.6905619062645
4,26.69,3.3,3.949852507374631,706.2771474878444,2789.6905619062645
4,20.99,0.0,3.949852507374631,706.2771474878444,2789.6905619062645
4,13.99,0.0,3.949852507374631,706.2771474878444,2789.6905619062645
4,42.99,0.0,3.0,8.0,24.0
4,39.99,0.0,3.949852507374631,706.2771474878444,2789.6905619062645
4,44.99,0.0,3.949852507374631,706.2771474878444,2789.6905619062645
4,22.99,0.0,3.949852507374631,706.2771474878444,2789.6905619062645
4,36.99,0.0,3.949852507374631,706.2771474878444,2789.6905619062645
4,44.99,0.0,3.949852507374631,706.2771474878444,2789.6905619062645
4,15.99,0.0,3.949852507374631,706.2771474878444,2789.6905619062645
4,14.99,0.0,3.949852507374631,706.2771474878444,2789.6905619062645
4,11.99,3.0,3.949852507374631,706.2771474878444,2789.6905619062645
4,34.99,0.0,0.0,706.2771474878444,0.0
4,34.99,0.0,4.7,35.0,164.5
4,11.49,0.0,3.949852507374631,706.2771474878444,2789.6905619062645
4,39.99,0.0,3.949852507374631,706.2771474878444,2789.6905619062645
4,45.99,0.0,3.949852507374631,706.2771474878444,2789.6905619062645
4,49.99,0.0,3.949852507374631,706.2771474878444,2789.6905619062645
4,39.99,0.0,4.2,11.0,46.2
4,25.99,0.0,3.949852507374631,706.2771474878444,2789.6905619062645
4,39.99,0.0,3.949852507374631,706.2771474878444,2789.6905619062645
4,14.99,0.0,3.949852507374631,706.2771474878444,2789.6905619062645
4,39.99,0.0,3.949852507374631,706.2771474878444,2789.6905619062645
4,54.99,0.0,4.0,1.0,4.0
4,44.99,0.0,3.949852507374631,706.2771474878444,2789.6905619062645
4,17.99,0.0,3.949852507374631,706.2771474878444,2789.6905619062645
4,39.99,0.0,3.949852507374631,706.2771474878444,2789.6905619062645
4,17.99,0.0,3.949852507374631,706.2771474878444,2789.6905619062645
4,24.99,0.0,3.949852507374631,706.2771474878444,2789.6905619062645
4,21.99,0.0,3.949852507374631,706.2771474878444,2789.6905619062645
4,17.99,0.0,3.949852507374631,706.2771474878444,2789.6905619062645
4,17.99,0.0,3.949852507374631,706.2771474878444,2789.6905619062645
4,42.99,0.0,3.4,14.0,47.6
4,11.99,0.0,3.949852507374631,706.2771474878444,2789.6905619062645
4,25.99,0.0,3.949852507374631,706.2771474878444,2789.6905619062645
4,36.99,0.0,3.949852507374631,706.2771474878444,2789.6905619062645
4,46.99,0.0,3.949852507374631,706.2771474878444,2789.6905619062645
4,42.99,0.0,3.8,12.0,45.599999999999994
4,34.99,0.0,3.949852507374631,706.2771474878444,2789.6905619062645
4,17.99,0.0,3.949852507374631,706.2771474878444,2789.6905619062645
4,24.99,0.0,3.949852507374631,706.2771474878444,2789.6905619062645
4,7.99,0.0,3.949852507374631,706.2771474878444,2789.6905619062645
4,17.99,0.0,3.949852507374631,706.2771474878444,2789.6905619062645
4,26.99,0.0,3.949852507374631,706.2771474878444,2789.6905619062645
4,15.49,0.0,3.949852507374631,706.2771474878444,2789.6905619062645
4,22.99,0.0,3.949852507374631,706.2771474878444,2789.6905619062645
4,25.69,3.3,3.949852507374631,706.2771474878444,2789.6905619062645
4,31.99,0.0,3.949852507374631,706.2771474878444,2789.6905619062645
4,15.99,0.0,3.949852507374631,706.2771474878444,2789.6905619062645
4,13.49,0.0,3.949852507374631,706.2771474878444,2789.6905619062645
4,26.99,0.0,3.949852507374631,706.2771474878444,2789.6905619062645
4,54.99,0.0,0.0,706.2771474878444,0.0
4,17.99,0.0,0.0,706.2771474878444,0.0
5,28.99,6.0,3.949852507374631,706.2771474878444,2789.6905619062645
5,28.99,6.0,3.949852507374631,706.2771474878444,2789.6905619062645
5,24.99,5.0,3.949852507374631,706.2771474878444,2789.6905619062645
5,15.99,4.0,3.949852507374631,706.2771474878444,2789.6905619062645
5,15.99,4.0,3.949852507374631,706.2771474878444,2789.6905619062645
5,19.49,4.0,3.949852507374631,706.2771474878444,2789.6905619062645
5,12.09,2.4,3.949852507374631,706.2771474878444,2789.6905619062645
5,19.99,5.0,3.949852507374631,706.2771474878444,2789.6905619062645
5,10.79,2.2,3.949852507374631,706.2771474878444,2789.6905619062645
5,16.99,0.0,3.949852507374631,706.2771474878444,2789.6905619062645
5,17.89,3.6,3.949852507374631,706.2771474878444,2789.6905619062645
5,13.99,3.0,3.949852507374631,706.2771474878444,2789.6905619062645
5,42.99,12.0,4.8,2658.0,12758.4
5,23.99,0.0,3.949852507374631,706.2771474878444,2789.6905619062645
5,34.99,0.0,3.949852507374631,706.2771474878444,2789.6905619062645
5,28.79,0.0,3.949852507374631,706.2771474878444,2789.6905619062645
5,21.49,0.0,3.949852507374631,706.2771474878444,2789.6905619062645
5,54.99,0.0,4.6,386.0,1775.6
5,21.99,0.0,3.949852507374631,706.2771474878444,2789.6905619062645
5,19.99,0.0,3.949852507374631,706.2771474878444,2789.6905619062645
5,89.99,0.0,4.7,3.0,14.100000000000001
5,22.99,0.0,3.949852507374631,706.2771474878444,2789.6905619062645
5,14.49,4.0,3.949852507374631,706.2771474878444,2789.6905619062645
5,84.99,0.0,4.3,19.0,81.7
5,89.99,0.0,4.8,1171.0,5620.8
5,14.49,4.0,3.949852507374631,706.2771474878444,2789.6905619062645
5,38.99,0.0,4.6,308.0,1416.8
5,38.99,0.0,4.7,1064.0,5000.8
5,13.99,0.0,3.949852507374631,706.2771474878444,2789.6905619062645
5,13.99,0.0,3.949852507374631,706.2771474878444,2789.6905619062645
5,29.99,0.0,4.4,112.0,492.80000000000007
5,17.99,0.0,3.949852507374631,706.2771474878444,2789.6905619062645
5,16.99,5.0,3.949852507374631,706.2771474878444,2789.6905619062645
5,32.99,0.0,3.949852507374631,706.2771474878444,2789.6905619062645
5,12.99,0.0,3.949852507374631,706.2771474878444,2789.6905619062645
5,38.99,0.0,4.7,2060.0,9682.0
5,22.99,0.0,3.949852507374631,706.2771474878444,2789.6905619062645
5,22.99,0.0,3.949852507374631,706.2771474878444,2789.6905619062645
5,20.89,0.0,3.949852507374631,706.2771474878444,2789.6905619062645
5,44.99,0.0,0.0,706.2771474878444,0.0
5,36.99,0.0,3.3,3.0,9.899999999999999
5,9.79,0.0,3.949852507374631,706.2771474878444,2789.6905619062645
5,29.89,0.0,4.7,12.0,56.400000000000006
5,29.99,0.0,3.949852507374631,706.2771474878444,2789.6905619062645
5,54.99,0.0,4.2,29.0,121.80000000000001
5,39.99,0.0,3.7,31.0,114.7
5,19.99,0.0,3.949852507374631,706.2771474878444,2789.6905619062645
5,24.99,0.0,3.949852507374631,706.2771474878444,2789.6905619062645
5,9.49,0.0,3.949852507374631,706.2771474878444,2789.6905619062645
5,22.99,0.0,4.6,1571.0,7226.599999999999
5,24.99,0.0,4.5,116.0,522.0
5,22.99,0.0,3.949852507374631,706.2771474878444,2789.6905619062645
5,41.99,0.0,4.9,12.0,58.800000000000004
5,19.99,0.0,3.949852507374631,706.2771474878444,2789.6905619062645
5,10.99,0.0,3.949852507374631,706.2771474878444,2789.6905619062645
5,74.99,0.0,2.3,3.0,6.8999999999999995
5,17.89,3.1,4.7,896.0,4211.2
5,29.99,0.0,3.949852507374631,706.2771474878444,2789.6905619062645
5,199.99,0.0,4.5,426.0,1917.0
5,42.99,0.0,3.949852507374631,706.2771474878444,2789.6905619062645
5,49.99,0.0,4.4,183.0,805.2
5,11.99,0.0,3.949852507374631,706.2771474878444,2789.6905619062645
5,14.99,0.0,3.949852507374631,706.2771474878444,2789.6905619062645
5,12.49,0.0,3.949852507374631,706.2771474878444,2789.6905619062645
5,10.99,0.0,3.949852507374631,706.2771474878444,2789.6905619062645
5,59.99,0.0,4.4,19.0,83.60000000000001
5,23.99,0.0,3.7,55.0,203.5
5,29.99,0.0,4.8,997.0,4785.599999999999
5,18.49,0.0,4.6,403.0,1853.8
5,10.99,0.0,3.949852507374631,706.2771474878444,2789.6905619062645
5,14.99,0.0,3.949852507374631,706.2771474878444,2789.6905619062645
5,47.99,0.0,4.1,164.0,672.4
5,18.39,5.6,3.949852507374631,706.2771474878444,2789.6905619062645
5,24.99,0.0,4.7,23.0,108.10000000000001
5,22.99,0.0,4.7,1044.0,4906.8
5,34.99,0.0,3.8,192.0,729.5999999999999
5,26.99,0.0,4.7,827.0,3886.9
5,34.99,0.0,3.8,20.0,76.0
5,13.99,0.0,3.949852507374631,706.2771474878444,2789.6905619062645
5,8.99,0.0,3.949852507374631,706.2771474878444,2789.6905619062645
5,43.99,0.0,4.5,355.0,1597.5
5,33.99,0.0,4.7,96.0,451.20000000000005
5,19.99,0.0,3.949852507374631,706.2771474878444,2789.6905619062645
5,39.99,0.0,4.7,198.0,930.6
5,17.49,0.0,3.949852507374631,706.2771474878444,2789.6905619062645
5,21.99,0.0,4.7,1114.0,5235.8
5,28.49,0.0,3.949852507374631,706.2771474878444,2789.6905619062645
5,34.99,0.0,4.9,7.0,34.300000000000004
5,19.99,0.0,3.949852507374631,706.2771474878444,2789.6905619062645
5,8.99,0.0,3.949852507374631,706.2771474878444,2789.6905619062645
5,17.49,0.0,3.949852507374631,706.2771474878444,2789.6905619062645
5,89.99,0.0,4.8,53.0,254.39999999999998
5,29.99,0.0,4.5,194.0,873.0
5,26.99,0.0,3.949852507374631,706.2771474878444,2789.6905619062645
6,31.99,6.0,3.949852507374631,706.2771474878444,2789.6905619062645
6,31.99,6.0,3.949852507374631,706.2771474878444,2789.6905619062645
6,31.99,6.0,3.949852507374631,706.2771474878444,2789.6905619062645
6,10.29,2.7,3.949852507374631,706.2771474878444,2789.6905619062645
6,42.99,0.0,3.949852507374631,706.2771474878444,2789.6905619062645
6,31.99,6.0,3.949852507374631,706.2771474878444,2789.6905619062645
6,19.99,0.0,4.5,1087.0,4891.5
6,13.99,0.0,3.949852507374631,706.2771474878444,2789.6905619062645
6,18.99,0.0,4.4,2061.0,9068.400000000001
6,42.99,0.0,4.0,306.0,1224.0
6,42.99,0.0,3.949852507374631,706.2771474878444,2789.6905619062645
6,37.99,0.0,4.7,1903.0,8944.1
6,18.99,0.0,3.949852507374631,706.2771474878444,2789.6905619062645
6,17.99,0.0,3.949852507374631,706.2771474878444,2789.6905619062645
6,42.99,0.0,3.949852507374631,706.2771474878444,2789.6905619062645
6,44.99,0.0,4.7,2458.0,11552.6
6,42.99,0.0,3.949852507374631,706.2771474878444,2789.6905619062645
6,20.99,0.0,3.949852507374631,706.2771474878444,2789.6905619062645
6,42.99,0.0,3.949852507374631,706.2771474878444,2789.6905619062645
6,42.99,0.0,4.7,361.0,1696.7
6,37.99,0.0,4.7,2762.0,12981.4
6,17.99,0.0,3.949852507374631,706.2771474878444,2789.6905619062645
6,18.99,0.0,3.949852507374631,706.2771474878444,2789.6905619062645
6,42.99,0.0,3.949852507374631,706.2771474878444,2789.6905619062645
6,29.99,0.0,4.6,2428.0,11168.8
6,42.99,0.0,3.949852507374631,706.2771474878444,2789.6905619062645
6,14.99,0.0,3.949852507374631,706.2771474878444,2789.6905619062645
6,19.99,0.0,3.949852507374631,706.2771474878444,2789.6905619062645
6,17.99,0.0,3.949852507374631,706.2771474878444,2789.6905619062645
6,35.99,0.0,3.949852507374631,706.2771474878444,2789.6905619062645
6,16.99,0.0,3.949852507374631,706.2771474878444,2789.6905619062645
6,18.99,0.0,3.949852507374631,706.2771474878444,2789.6905619062645
6,39.99,0.0,4.5,217.0,976.5
6,28.99,6.0,3.949852507374631,706.2771474878444,2789.6905619062645
6,42.99,0.0,3.949852507374631,706.2771474878444,2789.6905619062645
6,42.99,0.0,4.7,534.0,2509.8
6,47.99,0.0,4.7,631.0,2965.7000000000003
6,42.99,0.0,4.7,244.0,1146.8
6,25.99,0.0,3.949852507374631,706.2771474878444,2789.6905619062645
6,44.99,0.0,3.949852507374631,706.2771474878444,2789.6905619062645
6,44.99,0.0,4.7,1664.0,7820.8
6,48.99,0.0,3.949852507374631,706.2771474878444,2789.6905619062645
6,99.99,0.0,4.7,13.0,61.1
6,41.99,0.0,3.949852507374631,706.2771474878444,2789.6905619062645
6,48.99,0.0,3.949852507374631,706.2771474878444,2789.6905619062645
6,14.99,0.0,3.949852507374631,706.2771474878444,2789.6905619062645
6,28.99,0.0,3.949852507374631,706.2771474878444,2789.6905619062645
6,48.99,0.0,3.949852507374631,706.2771474878444,2789.6905619062645
6,44.99,0.0,4.7,2525.0,11867.5
6,56.99,0.0,4.7,1353.0,6359.1
6,44.99,0.0,0.0,706.2771474878444,0.0
6,22.99,0.0,3.949852507374631,706.2771474878444,2789.6905619062645
6,44.99,0.0,4.6,1822.0,8381.199999999999
6,34.99,10.0,4.8,2468.0,11846.4
6,34.99,0.0,3.9,85.0,331.5
6,19.99,0.0,3.949852507374631,706.2771474878444,2789.6905619062645
6,39.99,0.0,4.7,1948.0,9155.6
6,39.99,0.0,4.6,424.0,1950.3999999999999
6,12.99,0.0,3.949852507374631,706.2771474878444,2789.6905619062645
6,39.99,0.0,4.6,14.0,64.39999999999999
6,36.99,0.0,4.3,462.0,1986.6
6,48.99,0.0,3.949852507374631,706.2771474878444,2789.6905619062645
6,11.99,0.0,3.949852507374631,706.2771474878444,2789.6905619062645
6,29.99,0.0,4.1,107.0,438.7
6,48.99,0.0,3.949852507374631,706.2771474878444,2789.6905619062645
6,16.99,0.0,3.949852507374631,706.2771474878444,2789.6905619062645
6,59.99,0.0,4.2,55.0,231.0
6,34.99,0.0,4.6,812.0,3735.2
6,59.99,0.0,4.5,53.0,238.5
6,59.99,0.0,4.3,27.0,116.1
6,10.99,0.0,3.949852507374631,706.2771474878444,2789.6905619062645
6,16.99,0.0,3.949852507374631,706.2771474878444,2789.6905619062645
6,13.99,0.0,3.949852507374631,706.2771474878444,2789.6905619062645
6,29.69,9.3,3.949852507374631,706.2771474878444,2789.6905619062645
6,14.99,0.0,3.949852507374631,706.2771474878444,2789.6905619062645
6,6.59,0.0,3.949852507374631,706.2771474878444,2789.6905619062645
6,14.99,0.0,3.949852507374631,706.2771474878444,2789.6905619062645
6,44.99,0.0,4.7,1180.0,5546.0
6,39.99,0.0,4.5,147.0,661.5
6,39.99,0.0,4.6,531.0,2442.6
6,39.99,0.0,3.7,18.0,66.60000000000001
6,4.99,0.0,3.949852507374631,706.2771474878444,2789.6905619062645
6,39.99,0.0,4.6,355.0,1632.9999999999998
6,14.99,0.0,3.949852507374631,706.2771474878444,2789.6905619062645
6,23.99,0.0,3.949852507374631,706.2771474878444,2789.6905619062645
6,21.99,0.0,3.949852507374631,706.2771474878444,2789.6905619062645
6,44.99,0.0,4.8,2216.0,10636.8
6,20.99,0.0,3.949852507374631,706.2771474878444,2789.6905619062645
6,39.99,0.0,4.5,1046.0,4707.0
6,16.99,0.0,3.949852507374631,706.2771474878444,2789.6905619062645
6,13.99,0.0,3.949852507374631,706.2771474878444,2789.6905619062645
6,18.99,0.0,3.949852507374631,706.2771474878444,2789.6905619062645
6,39.99,0.0,4.4,129.0,567.6
6,14.99,0.0,3.949852507374631,706.2771474878444,2789.6905619062645
6,42.99,0.0,4.4,1278.0,5623.200000000001
7,99.99,30.0,4.4,89.0,391.6
7,119.99,0.0,4.5,220.0,990.0
7,199.99,50.0,4.6,2452.0,11279.199999999999
7,89.99,0.0,4.2,811.0,3406.2000000000003
7,149.99,50.0,4.4,226.0,994.4000000000001
7,199.99,0.0,4.5,1307.0,5881.5
7,649.99,0.0,4.6,516.0,2373.6
7,1999.99,0.0,5.0,2.0,10.0
7,109.99,0.0,3.949852507374631,706.2771474878444,2789.6905619062645
7,124.99,0.0,4.5,996.0,4482.0
7,249.99,0.0,4.5,1466.0,6597.0
7,249.99,0.0,4.4,451.0,1984.4
7,279.99,0.0,4.4,348.0,1531.2
7,249.99,0.0,4.2,42.0,176.4
7,199.99,0.0,4.5,261.0,1174.5
7,169.99,0.0,4.5,268.0,1206.0
7,549.99,0.0,4.7,79.0,371.3
7,1399.99,0.0,4.6,57.0,262.2
7,379.99,0.0,4.6,429.0,1973.3999999999999
7,59.99,0.0,3.9,151.0,588.9
7,249.99,0.0,4.5,537.0,2416.5
8,49.99,0.0,4.0,6573.0,26292.0
8,74.99,0.0,4.6,2893.0,13307.8
8,59.99,0.0,0.0,706.2771474878444,0.0
8,54.99,0.0,0.0,706.2771474878444,0.0
8,64.99,0.0,0.0,706.2771474878444,0.0
8,64.99,0.0,0.0,706.2771474878444,0.0
8,46.99,0.0,4.3,5936.0,25524.8
8,49.99,0.0,4.2,18098.0,76011.6
8,69.99,0.0,0.0,706.2771474878444,0.0
8,59.99,0.0,4.2,1552.0,6518.400000000001
8,49.99,0.0,3.7,4046.0,14970.2
8,64.99,0.0,0.0,706.2771474878444,0.0
8,54.99,0.0,4.2,1620.0,6804.0
8,49.99,0.0,3.9,701.0,2733.9
8,55.99,0.0,3.9,3642.0,14203.8
8,49.99,0.0,3.9,798.0,3112.2
8,59.99,0.0,4.4,2956.0,13006.400000000001
8,99.99,0.0,4.4,562.0,2472.8
8,59.99,0.0,4.5,3227.0,14521.5
8,64.99,0.0,0.0,706.2771474878444,0.0
8,49.99,0.0,4.1,6241.0,25588.1
8,43.99,0.0,4.3,1733.0,7451.9
8,99.99,0.0,4.2,2051.0,8614.2
8,49.99,0.0,3.9,606.0,2363.4
8,109.99,0.0,4.7,2421.0,11378.7
8,109.99,0.0,4.7,3119.0,14659.300000000001
8,129.99,0.0,0.0,706.2771474878444,0.0
8,49.99,0.0,3.5,4801.0,16803.5
8,56.99,0.0,4.1,1633.0,6695.299999999999
8,64.99,0.0,4.4,1633.0,7185.200000000001
8,59.99,0.0,0.0,706.2771474878444,0.0
8,49.99,0.0,4.3,5997.0,25787.1
8,69.99,0.0,3.9,1210.0,4719.0
8,49.99,0.0,4.1,2122.0,8700.199999999999
8,46.99,0.0,4.4,4171.0,18352.4
8,59.99,0.0,4.4,1440.0,6336.000000000001
8,49.99,0.0,4.0,3294.0,13176.0
8,64.99,0.0,0.0,706.2771474878444,0.0
8,57.99,0.0,4.4,1648.0,7251.200000000001
8,56.99,0.0,4.2,1579.0,6631.8
8,49.99,0.0,4.0,3616.0,14464.0
8,69.99,0.0,4.1,1181.0,4842.099999999999
8,49.99,0.0,4.3,3616.0,15548.8
8,42.99,0.0,3.9,2622.0,10225.8
8,43.99,0.0,4.2,2618.0,10995.6
8,59.99,0.0,0.0,706.2771474878444,0.0
8,109.99,0.0,4.8,3452.0,16569.6
8,58.99,0.0,4.5,2066.0,9297.0
8,52.99,0.0,4.2,1143.0,4800.6
8,52.99,0.0,4.3,3557.0,15295.099999999999
8,69.99,0.0,0.0,706.2771474878444,0.0
8,179.99,0.0,3.8,154.0,585.1999999999999
8,74.99,0.0,4.6,1557.0,7162.2
8,45.99,0.0,4.2,3690.0,15498.0
8,59.99,0.0,4.7,15.0,70.5
8,64.99,0.0,4.4,374.0,1645.6000000000001
8,49.99,0.0,0.0,706.2771474878444,0.0
8,69.99,0.0,4.5,921.0,4144.5
8,69.99,0.0,0.0,706.2771474878444,0.0
8,56.99,0.0,0.0,706.2771474878444,0.0
8,43.99,0.0,4.2,863.0,3624.6000000000004
8,45.99,0.0,4.4,3401.0,14964.400000000001
8,119.99,0.0,3.7,123.0,455.1
8,59.99,0.0,0.0,706.2771474878444,0.0
8,49.99,0.0,0.0,706.2771474878444,0.0
8,46.99,0.0,4.3,4202.0,18068.6
8,64.99,0.0,0.0,706.2771474878444,0.0
8,219.99,0.0,4.5,807.0,3631.5
8,49.99,0.0,0.0,706.2771474878444,0.0
8,84.99,0.0,4.7,310.0,1457.0
8,109.99,0.0,3.7,579.0,2142.3
8,129.99,0.0,4.3,841.0,3616.2999999999997
8,55.99,0.0,4.2,911.0,3826.2000000000003
8,219.99,0.0,4.6,239.0,1099.3999999999999
8,219.99,0.0,4.4,96.0,422.40000000000003
9,11.99,0.0,3.949852507374631,706.2771474878444,2789.6905619062645
9,39.99,0.0,4.7,3083.0,14490.1
9,49.99,0.0,4.5,15616.0,70272.0
9,199.99,50.0,4.6,2452.0,11279.199999999999
9,49.99,20.0,4.5,10.0,45.0
9,17.99,0.0,3.949852507374631,706.2771474878444,2789.6905619062645
9,29.99,0.0,4.4,1679.0,7387.6
9,119.99,0.0,4.5,220.0,990.0
9,44.99,0.0,4.5,555.0,2497.5
9,39.99,0.0,4.4,410.0,1804.0000000000002
9,149.99,50.0,4.4,226.0,994.4000000000001
9,49.99,0.0,4.7,850.0,3995.0
9,39.99,0.0,4.1,92.0,377.2
9,199.99,0.0,4.5,1307.0,5881.5
9,49.99,0.0,4.1,184.0,754.4
9,34.99,0.0,4.7,1143.0,5372.1
9,99.99,30.0,4.4,89.0,391.6
9,69.99,0.0,4.5,335.0,1507.5
9,59.99,0.0,4.4,18.0,79.2
9,14.99,0.0,3.949852507374631,706.2771474878444,2789.6905619062645
9,39.99,0.0,4.2,1413.0,5934.6
9,99.99,0.0,4.6,119.0,547.4
9,39.99,0.0,4.6,941.0,4328.599999999999
9,49.99,0.0,4.8,17.0,81.6
9,89.99,0.0,4.5,79.0,355.5
9,79.99,0.0,4.3,152.0,653.6
9,69.99,0.0,3.7,3.0,11.100000000000001
9,69.99,0.0,4.4,45.0,198.00000000000003
9,59.99,0.0,4.5,314.0,1413.0
9,39.99,0.0,4.5,251.0,1129.5
9,149.99,0.0,5.0,3.0,15.0
9,159.99,0.0,4.5,859.0,3865.5
9,34.99,0.0,4.6,97.0,446.2
9,49.99,0.0,4.5,60.0,270.0
9,59.99,0.0,3.8,46.0,174.79999999999998
9,49.99,0.0,0.0,706.2771474878444,0.0
9,49.99,0.0,4.4,18.0,79.2
9,44.99,0.0,0.0,706.2771474878444,0.0
9,39.99,0.0,4.5,440.0,1980.0
9,44.99,0.0,5.0,3.0,15.0
9,15.99,0.0,3.949852507374631,706.2771474878444,2789.6905619062645
9,49.99,0.0,4.5,128.0,576.0
9,89.99,0.0,4.8,465.0,2232.0
9,124.99,0.0,4.5,996.0,4482.0
9,34.99,0.0,4.4,312.0,1372.8000000000002
9,46.99,0.0,4.4,753.0,3313.2000000000003
9,54.99,0.0,4.3,119.0,511.7
9,79.99,0.0,4.8,115.0,552.0
9,21.99,0.0,3.949852507374631,706.2771474878444,2789.6905619062645
9,199.99,0.0,4.5,261.0,1174.5
9,49.99,0.0,0.0,706.2771474878444,0.0
9,54.99,0.0,4.6,265.0,1219.0
9,59.99,0.0,4.8,147.0,705.6
9,56.99,0.0,4.8,477.0,2289.6
9,59.99,0.0,4.6,106.0,487.59999999999997
9,39.99,0.0,4.2,8.0,33.6
9,79.99,0.0,4.4,598.0,2631.2000000000003
9,109.99,0.0,4.5,41.0,184.5
9,379.99,0.0,4.6,429.0,1973.3999999999999
9,109.99,0.0,4.7,1103.0,5184.1
9,169.99,0.0,4.5,268.0,1206.0
9,69.99,0.0,4.4,543.0,2389.2000000000003
9,69.99,0.0,5.0,1.0,5.0
9,89.99,0.0,4.4,39.0,171.60000000000002
9,249.99,0.0,4.4,451.0,1984.4
9,59.99,0.0,4.0,27.0,108.0
9,49.99,0.0,4.4,44.0,193.60000000000002
9,549.99,0.0,4.7,79.0,371.3
9,279.99,0.0,4.4,348.0,1531.2
9,59.99,0.0,0.0,706.2771474878444,0.0
9,34.99,0.0,0.0,706.2771474878444,0.0
9,79.99,0.0,4.2,26.0,109.2
9,49.99,0.0,4.6,63.0,289.79999999999995
9,59.99,0.0,4.2,21.0,88.2
9,34.99,0.0,4.3,204.0,877.1999999999999
9,59.99,0.0,4.1,10.0,41.0
9,59.99,0.0,4.0,4.0,16.0
9,69.99,0.0,4.0,4.0,16.0
9,46.99,0.0,3.9,830.0,3237.0
9,229.99,0.0,4.4,553.0,2433.2000000000003
9,1399.99,0.0,4.6,57.0,262.2
9,1999.99,0.0,5.0,2.0,10.0
9,59.99,0.0,4.2,137.0,575.4
9,59.99,0.0,3.2,4.0,12.8
9,54.99,0.0,0.0,706.2771474878444,0.0
9,69.99,0.0,5.0,2.0,10.0
9,54.99,0.0,0.0,706.2771474878444,0.0
9,39.99,0.0,0.0,706.2771474878444,0.0
9,29.99,0.0,0.0,706.2771474878444,0.0
10,18.99,0.0,3.949852507374631,706.2771474878444,2789.6905619062645
10,25.99,0.0,3.949852507374631,706.2771474878444,2789.6905619062645
10,11.99,0.0,3.949852507374631,706.2771474878444,2789.6905619062645
10,12.99,0.0,3.949852507374631,706.2771474878444,2789.6905619062645
10,17.99,0.0,3.949852507374631,706.2771474878444,2789.6905619062645
10,20.99,0.0,3.949852507374631,706.2771474878444,2789.6905619062645
10,17.99,0.0,3.949852507374631,706.2771474878444,2789.6905619062645
10,20.99,0.0,3.949852507374631,706.2771474878444,2789.6905619062645
10,20.99,0.0,3.949852507374631,706.2771474878444,2789.6905619062645
10,18.99,0.0,3.949852507374631,706.2771474878444,2789.6905619062645
10,18.99,0.0,3.949852507374631,706.2771474878444,2789.6905619062645
10,24.99,0.0,3.949852507374631,706.2771474878444,2789.6905619062645
10,17.99,0.0,3.949852507374631,706.2771474878444,2789.6905619062645
10,26.99,0.0,3.949852507374631,706.2771474878444,2789.6905619062645
10,14.99,0.0,3.949852507374631,706.2771474878444,2789.6905619062645
10,27.99,0.0,3.949852507374631,706.2771474878444,2789.6905619062645
10,36.99,0.0,3.949852507374631,706.2771474878444,2789.6905619062645
10,9.99,0.0,3.949852507374631,706.2771474878444,2789.6905619062645
10,19.99,0.0,3.949852507374631,706.2771474878444,2789.6905619062645
10,9.99,0.0,3.949852507374631,706.2771474878444,2789.6905619062645
10,12.99,0.0,3.949852507374631,706.2771474878444,2789.6905619062645
10,8.49,0.0,3.949852507374631,706.2771474878444,2789.6905619062645
10,7.49,0.0,3.949852507374631,706.2771474878444,2789.6905619062645
10,12.99,0.0,3.949852507374631,706.2771474878444,2789.6905619062645
10,8.99,0.0,3.949852507374631,706.2771474878444,2789.6905619062645
10,11.39,0.0,3.949852507374631,706.2771474878444,2789.6905619062645
10,22.99,0.0,3.949852507374631,706.2771474878444,2789.6905619062645
10,22.99,0.0,3.949852507374631,706.2771474878444,2789.6905619062645
10,12.99,0.0,3.949852507374631,706.2771474878444,2789.6905619062645
10,12.99,0.0,3.949852507374631,706.2771474878444,2789.6905619062645
10,49.99,0.0,3.949852507374631,706.2771474878444,2789.6905619062645
10,26.99,0.0,3.949852507374631,706.2771474878444,2789.6905619062645
10,93.79,0.0,3.949852507374631,706.2771474878444,2789.6905619062645
10,109.99,0.0,3.949852507374631,706.2771474878444,2789.6905619062645
10,17.99,0.0,3.949852507374631,706.2771474878444,2789.6905619062645
10,91.79,0.0,3.949852507374631,706.2771474878444,2789.6905619062645
10,11.39,0.0,3.949852507374631,706.2771474878444,2789.6905619062645
10,11.29,0.0,3.949852507374631,706.2771474878444,2789.6905619062645
10,93.79,0.0,3.949852507374631,706.2771474878444,2789.6905619062645
10,12.39,0.0,3.949852507374631,706.2771474878444,2789.6905619062645
10,95.79,0.0,3.949852507374631,706.2771474878444,2789.6905619062645
10,22.99,0.0,3.949852507374631,706.2771474878444,2789.6905619062645
10,10.49,0.0,3.949852507374631,706.2771474878444,2789.6905619062645
10,117.79,0.0,3.949852507374631,706.2771474878444,2789.6905619062645
10,15.99,0.0,3.949852507374631,706.2771474878444,2789.6905619062645
10,14.99,0.0,3.949852507374631,706.2771474878444,2789.6905619062645
10,26.99,0.0,3.949852507374631,706.2771474878444,2789.6905619062645
10,69.79,0.0,3.949852507374631,706.2771474878444,2789.6905619062645
10,4.49,0.0,3.949852507374631,706.2771474878444,2789.6905619062645
10,52.79,0.0,3.949852507374631,706.2771474878444,2789.6905619062645
10,93.79,0.0,3.949852507374631,706.2771474878444,2789.6905619062645
10,102.79,0.0,3.949852507374631,706.2771474878444,2789.6905619062645
10,84.79,0.0,3.949852507374631,706.2771474878444,2789.6905619062645
10,10.19,0.0,3.949852507374631,706.2771474878444,2789.6905619062645
10,16.49,0.0,3.949852507374631,706.2771474878444,2789.6905619062645
10,5.49,0.0,3.949852507374631,706.2771474878444,2789.6905619062645
10,19.99,0.0,3.949852507374631,706.2771474878444,2789.6905619062645
10,12.99,0.0,3.949852507374631,706.2771474878444,2789.6905619062645
10,12.79,0.0,3.949852507374631,706.2771474878444,2789.6905619062645
10,9.49,0.0,3.949852507374631,706.2771474878444,2789.6905619062645
10,11.99,0.0,3.949852507374631,706.2771474878444,2789.6905619062645
10,19.99,0.0,3.949852507374631,706.2771474878444,2789.6905619062645
10,8.99,0.0,3.949852507374631,706.2771474878444,2789.6905619062645
10,10.99,0.0,3.949852507374631,706.2771474878444,2789.6905619062645
10,14.99,0.0,3.949852507374631,706.2771474878444,2789.6905619062645
10,17.99,0.0,3.949852507374631,706.2771474878444,2789.6905619062645
10,11.99,0.0,3.949852507374631,706.2771474878444,2789.6905619062645
10,15.99,0.0,3.949852507374631,706.2771474878444,2789.6905619062645
10,16.99,0.0,3.949852507374631,706.2771474878444,2789.6905619062645
10,13.99,0.0,3.949852507374631,706.2771474878444,2789.6905619062645
10,26.99,0.0,3.949852507374631,706.2771474878444,2789.6905619062645
10,10.99,0.0,3.949852507374631,706.2771474878444,2789.6905619062645
10,39.99,0.0,3.949852507374631,706.2771474878444,2789.6905619062645
10,14.99,0.0,3.949852507374631,706.2771474878444,2789.6905619062645
10,39.99,0.0,3.949852507374631,706.2771474878444,2789.6905619062645
10,14.99,0.0,3.949852507374631,706.2771474878444,2789.6905619062645
10,73.99,0.0,3.949852507374631,706.2771474878444,2789.6905619062645
10,18.99,0.0,3.949852507374631,706.2771474878444,2789.6905619062645
10,18.99,0.0,3.949852507374631,706.2771474878444,2789.6905619062645
10,22.99,0.0,3.949852507374631,706.2771474878444,2789.6905619062645
10,16.99,0.0,3.949852507374631,706.2771474878444,2789.6905619062645
11,8.99,0.0,3.949852507374631,706.2771474878444,2789.6905619062645
11,22.99,0.0,3.949852507374631,706.2771474878444,2789.6905619062645
11,31.99,6.0,3.949852507374631,706.2771474878444,2789.6905619062645
11,15.99,2.5,4.7,2218.0,10424.6
11,31.99,6.0,3.949852507374631,706.2771474878444,2789.6905619062645
11,31.99,6.0,3.949852507374631,706.2771474878444,2789.6905619062645
11,52.99,0.0,4.5,1398.0,6291.0
11,18.99,0.0,3.949852507374631,706.2771474878444,2789.6905619062645
11,36.99,0.0,4.6,2196.0,10101.599999999999
11,16.99,0.0,3.949852507374631,706.2771474878444,2789.6905619062645
11,14.99,0.0,3.949852507374631,706.2771474878444,2789.6905619062645
11,21.99,0.0,3.949852507374631,706.2771474878444,2789.6905619062645
11,19.99,0.0,3.949852507374631,706.2771474878444,2789.6905619062645
11,13.99,0.0,3.949852507374631,706.2771474878444,2789.6905619062645
11,32.99,0.0,4.5,2366.0,10647.0
11,22.99,0.0,3.949852507374631,706.2771474878444,2789.6905619062645
11,32.99,0.0,4.7,4394.0,20651.8
11,37.99,0.0,4.7,1903.0,8944.1
11,32.99,0.0,4.6,1568.0,7212.799999999999
11,13.99,0.0,3.949852507374631,706.2771474878444,2789.6905619062645
11,31.99,6.0,3.949852507374631,706.2771474878444,2789.6905619062645
11,11.99,0.0,3.949852507374631,706.2771474878444,2789.6905619062645
11,15.99,0.0,3.949852507374631,706.2771474878444,2789.6905619062645
11,13.99,0.0,3.949852507374631,706.2771474878444,2789.6905619062645
11,9.99,0.0,3.949852507374631,706.2771474878444,2789.6905619062645
11,52.99,0.0,4.6,2313.0,10639.8
11,49.99,0.0,4.6,2994.0,13772.4
11,17.99,0.0,3.949852507374631,706.2771474878444,2789.6905619062645
11,44.99,0.0,4.7,2458.0,11552.6
11,22.99,0.0,3.949852507374631,706.2771474878444,2789.6905619062645
11,14.99,0.0,3.949852507374631,706.2771474878444,2789.6905619062645
11,18.99,0.0,3.949852507374631,706.2771474878444,2789.6905619062645
11,52.99,0.0,4.6,3871.0,17806.6
11,20.99,0.0,3.949852507374631,706.2771474878444,2789.6905619062645
11,12.99,0.0,3.949852507374631,706.2771474878444,2789.6905619062645
11,37.99,0.0,4.7,2762.0,12981.4
11,17.99,0.0,3.949852507374631,706.2771474878444,2789.6905619062645
11,21.99,0.0,3.949852507374631,706.2771474878444,2789.6905619062645
11,11.99,0.0,3.949852507374631,706.2771474878444,2789.6905619062645
11,7.99,0.0,3.949852507374631,706.2771474878444,2789.6905619062645
11,18.99,0.0,3.949852507374631,706.2771474878444,2789.6905619062645
11,18.99,0.0,3.949852507374631,706.2771474878444,2789.6905619062645
11,10.99,0.0,3.949852507374631,706.2771474878444,2789.6905619062645
11,18.99,0.0,3.949852507374631,706.2771474878444,2789.6905619062645
11,22.99,0.0,3.949852507374631,706.2771474878444,2789.6905619062645
11,18.99,0.0,3.949852507374631,706.2771474878444,2789.6905619062645
11,14.99,0.0,3.949852507374631,706.2771474878444,2789.6905619062645
11,9.99,0.0,3.949852507374631,706.2771474878444,2789.6905619062645
11,9.79,0.0,3.949852507374631,706.2771474878444,2789.6905619062645
11,16.99,0.0,3.949852507374631,706.2771474878444,2789.6905619062645
11,13.99,0.0,3.949852507374631,706.2771474878444,2789.6905619062645
11,32.99,0.0,4.5,1620.0,7290.0
11,14.99,0.0,3.949852507374631,706.2771474878444,2789.6905619062645
11,19.99,0.0,3.949852507374631,706.2771474878444,2789.6905619062645
11,949.99,0.0,4.6,58.0,266.79999999999995
11,16.99,0.0,3.949852507374631,706.2771474878444,2789.6905619062645
11,20.99,0.0,3.949852507374631,706.2771474878444,2789.6905619062645
11,17.99,0.0,3.949852507374631,706.2771474878444,2789.6905619062645
11,13.99,0.0,3.949852507374631,706.2771474878444,2789.6905619062645
11,52.99,0.0,3.949852507374631,706.2771474878444,2789.6905619062645
11,32.99,0.0,3.949852507374631,706.2771474878444,2789.6905619062645
11,27.99,0.0,4.8,4595.0,22056.0
11,10.49,0.0,3.949852507374631,706.2771474878444,2789.6905619062645
11,17.99,0.0,3.949852507374631,706.2771474878444,2789.6905619062645
11,17.99,0.0,3.949852507374631,706.2771474878444,2789.6905619062645
11,9.49,0.0,3.949852507374631,706.2771474878444,2789.6905619062645
11,33.99,0.0,3.949852507374631,706.2771474878444,2789.6905619062645
11,19.99,0.0,3.949852507374631,706.2771474878444,2789.6905619062645
11,52.99,0.0,4.6,1715.0,7888.999999999999
11,14.99,0.0,3.949852507374631,706.2771474878444,2789.6905619062645
11,19.99,0.0,3.949852507374631,706.2771474878444,2789.6905619062645
11,14.99,0.0,3.949852507374631,706.2771474878444,2789.6905619062645
11,36.99,0.0,4.5,1310.0,5895.0
11,18.49,0.0,3.949852507374631,706.2771474878444,2789.6905619062645
11,10.99,0.0,3.949852507374631,706.2771474878444,2789.6905619062645
11,14.99,0.0,3.949852507374631,706.2771474878444,2789.6905619062645
11,14.99,0.0,3.949852507374631,706.2771474878444,2789.6905619062645
11,10.99,0.0,3.949852507374631,706.2771474878444,2789.6905619062645
11,3.99,0.0,3.949852507374631,706.2771474878444,2789.6905619062645
11,21.99,0.0,3.949852507374631,706.2771474878444,2789.6905619062645
11,4.79,0.0,3.949852507374631,706.2771474878444,2789.6905619062645
11,8.99,0.0,3.949852507374631,706.2771474878444,2789.6905619062645
11,28.99,0.0,3.949852507374631,706.2771474878444,2789.6905619062645
11,17.99,0.0,3.949852507374631,706.2771474878444,2789.6905619062645
11,15.99,0.0,3.949852507374631,706.2771474878444,2789.6905619062645
11,12.99,0.0,3.949852507374631,706.2771474878444,2789.6905619062645
11,16.99,0.0,3.949852507374631,706.2771474878444,2789.6905619062645
11,34.99,0.0,3.949852507374631,706.2771474878444,2789.6905619062645
11,11.99,0.0,3.949852507374631,706.2771474878444,2789.6905619062645
11,10.99,0.0,3.949852507374631,706.2771474878444,2789.6905619062645
11,10.99,0.0,3.949852507374631,706.2771474878444,2789.6905619062645
11,38.99,0.0,3.949852507374631,706.2771474878444,2789.6905619062645
11,8.99,0.0,3.949852507374631,706.2771474878444,2789.6905619062645
11,11.99,0.0,3.949852507374631,706.2771474878444,2789.6905619062645
11,15.99,0.0,3.949852507374631,706.2771474878444,2789.6905619062645
11,10.99,0.0,3.949852507374631,706.2771474878444,2789.6905619062645
11,14.99,0.0,3.949852507374631,706.2771474878444,2789.6905619062645
11,13.99,0.0,3.949852507374631,706.2771474878444,2789.6905619062645
11,12.99,0.0,3.949852507374631,706.2771474878444,2789.6905619062645
11,13.99,0.0,3.949852507374631,706.2771474878444,2789.6905619062645
11,12.99,0.0,3.949852507374631,706.2771474878444,2789.6905619062645
11,14.99,0.0,3.949852507374631,706.2771474878444,2789.6905619062645
11,17.99,0.0,3.949852507374631,706.2771474878444,2789.6905619062645
11,19.99,0.0,3.949852507374631,706.2771474878444,2789.6905619062645
11,7.99,0.0,3.949852507374631,706.2771474878444,2789.6905619062645
11,6.69,0.0,3.949852507374631,706.2771474878444,2789.6905619062645
11,36.99,0.0,4.7,5134.0,24129.8
11,16.99,0.0,3.949852507374631,706.2771474878444,2789.6905619062645
11,17.99,0.0,3.949852507374631,706.2771474878444,2789.6905619062645
11,11.99,0.0,3.949852507374631,706.2771474878444,2789.6905619062645
11,9.99,0.0,3.949852507374631,706.2771474878444,2789.6905619062645
11,13.99,0.0,3.949852507374631,706.2771474878444,2789.6905619062645
11,14.99,0.0,3.949852507374631,706.2771474878444,2789.6905619062645
11,37.49,0.0,3.949852507374631,706.2771474878444,2789.6905619062645
11,21.99,0.0,3.949852507374631,706.2771474878444,2789.6905619062645
11,16.49,0.0,3.949852507374631,706.2771474878444,2789.6905619062645
11,9.49,0.0,3.949852507374631,706.2771474878444,2789.6905619062645
11,8.99,0.0,3.949852507374631,706.2771474878444,2789.6905619062645
11,17.99,0.0,3.949852507374631,706.2771474878444,2789.6905619062645
11,42.99,0.0,4.4,1278.0,5623.200000000001
11,10.99,0.0,3.949852507374631,706.2771474878444,2789.6905619062645
11,11.49,0.0,3.949852507374631,706.2771474878444,2789.6905619062645
12,28.99,6.0,3.949852507374631,706.2771474878444,2789.6905619062645
12,28.99,6.0,3.949852507374631,706.2771474878444,2789.6905619062645
12,24.99,5.0,3.949852507374631,706.2771474878444,2789.6905619062645
12,19.49,4.0,3.949852507374631,706.2771474878444,2789.6905619062645
12,10.79,2.2,3.949852507374631,706.2771474878444,2789.6905619062645
12,17.89,3.6,3.949852507374631,706.2771474878444,2789.6905619062645
12,13.99,3.0,3.949852507374631,706.2771474878444,2789.6905619062645
12,42.99,12.0,4.8,2658.0,12758.4
12,23.99,0.0,3.949852507374631,706.2771474878444,2789.6905619062645
12,34.99,0.0,3.949852507374631,706.2771474878444,2789.6905619062645
12,28.79,0.0,3.949852507374631,706.2771474878444,2789.6905619062645
12,21.49,0.0,3.949852507374631,706.2771474878444,2789.6905619062645
12,54.99,0.0,4.6,386.0,1775.6
12,21.99,0.0,3.949852507374631,706.2771474878444,2789.6905619062645
12,19.99,0.0,3.949852507374631,706.2771474878444,2789.6905619062645
12,89.99,0.0,4.7,3.0,14.100000000000001
12,22.99,0.0,3.949852507374631,706.2771474878444,2789.6905619062645
12,84.99,0.0,4.3,19.0,81.7
12,89.99,0.0,4.8,1171.0,5620.8
12,38.99,0.0,4.6,308.0,1416.8
12,38.99,0.0,4.7,1064.0,5000.8
12,29.99,0.0,4.4,112.0,492.80000000000007
12,17.99,0.0,3.949852507374631,706.2771474878444,2789.6905619062645
12,16.99,5.0,3.949852507374631,706.2771474878444,2789.6905619062645
12,38.99,0.0,4.7,2060.0,9682.0
12,22.99,0.0,3.949852507374631,706.2771474878444,2789.6905619062645
12,44.99,0.0,0.0,706.2771474878444,0.0
12,29.99,0.0,3.949852507374631,706.2771474878444,2789.6905619062645
12,54.99,0.0,4.2,29.0,121.80000000000001
12,19.99,0.0,3.949852507374631,706.2771474878444,2789.6905619062645
12,24.99,0.0,4.5,116.0,522.0
12,74.99,0.0,2.3,3.0,6.8999999999999995
12,17.89,3.1,4.7,896.0,4211.2
12,11.99,0.0,3.949852507374631,706.2771474878444,2789.6905619062645
12,18.39,5.6,3.949852507374631,706.2771474878444,2789.6905619062645
12,43.99,0.0,4.5,355.0,1597.5
12,39.99,0.0,4.7,198.0,930.6
12,34.99,0.0,4.9,7.0,34.300000000000004
12,17.49,0.0,3.949852507374631,706.2771474878444,2789.6905619062645
13,149.99,70.0,4.6,1237.0,5690.2
13,229.99,60.0,0.0,706.2771474878444,0.0
13,239.99,60.0,4.0,108.0,432.0
13,14.99,0.0,3.949852507374631,706.2771474878444,2789.6905619062645
13,129.99,40.0,3.949852507374631,706.2771474878444,2789.6905619062645
13,109.99,40.0,3.949852507374631,706.2771474878444,2789.6905619062645
13,109.99,30.0,4.7,104.0,488.8
13,259.99,0.0,0.0,706.2771474878444,0.0
13,159.99,0.0,4.2,11.0,46.2
13,149.99,0.0,4.5,249.0,1120.5
13,139.99,0.0,4.4,207.0,910.8000000000001
13,209.99,0.0,4.2,179.0,751.8000000000001
13,99.99,0.0,4.3,43.0,184.9
13,349.99,0.0,4.4,8.0,35.2
13,109.99,40.0,4.6,336.0,1545.6
13,169.99,0.0,3.0,1.0,3.0
13,199.99,0.0,4.5,50.0,225.0
13,219.99,0.0,4.0,602.0,2408.0
13,99.99,0.0,4.0,19.0,76.0
13,279.99,80.0,4.8,151.0,724.8
13,159.99,0.0,4.5,859.0,3865.5
13,89.99,0.0,3.5,20.0,70.0
13,119.99,0.0,3.5,109.0,381.5
13,109.99,40.0,4.6,329.0,1513.3999999999999
13,229.99,0.0,4.6,349.0,1605.3999999999999
13,199.99,0.0,4.5,1307.0,5881.5
13,299.99,0.0,4.2,165.0,693.0
13,279.99,0.0,0.0,706.2771474878444,0.0
13,199.99,0.0,4.7,342.0,1607.4
13,99.99,0.0,4.5,251.0,1129.5
13,199.99,0.0,4.3,1787.0,7684.099999999999
13,129.99,0.0,4.4,118.0,519.2
13,339.99,0.0,1.0,1.0,1.0
13,399.99,0.0,4.3,271.0,1165.3
13,199.99,0.0,3.9,1100.0,4290.0
13,349.99,0.0,4.2,104.0,436.8
13,239.99,0.0,4.6,335.0,1540.9999999999998
13,219.99,0.0,4.7,208.0,977.6
13,279.99,0.0,0.0,706.2771474878444,0.0
13,89.99,0.0,3.1,16.0,49.6
13,179.99,0.0,3.4,141.0,479.4
13,429.99,0.0,4.6,492.0,2263.2
13,114.99,0.0,4.4,48.0,211.20000000000002
13,299.99,0.0,4.5,110.0,495.0
13,239.99,0.0,0.0,706.2771474878444,0.0
13,129.99,0.0,0.0,706.2771474878444,0.0
13,219.99,0.0,4.5,388.0,1746.0
13,109.99,0.0,4.1,134.0,549.4
13,199.99,0.0,4.5,106.0,477.0
13,99.99,0.0,4.2,26.0,109.2
13,249.99,0.0,4.6,13.0,59.8
13,229.99,0.0,4.4,947.0,4166.8
13,379.99,0.0,4.4,134.0,589.6
13,159.99,0.0,0.0,706.2771474878444,0.0
13,369.99,0.0,4.2,5.0,21.0
13,469.99,0.0,3.4,64.0,217.6
13,219.99,0.0,4.5,1193.0,5368.5
13,469.99,0.0,4.4,755.0,3322.0000000000005
13,64.99,0.0,4.4,53.0,233.20000000000002
13,249.99,0.0,2.6,18.0,46.800000000000004
13,189.99,0.0,4.2,677.0,2843.4
13,59.99,0.0,4.5,1550.0,6975.0
13,79.99,0.0,4.4,75.0,330.0
13,99.99,0.0,4.5,173.0,778.5
13,249.99,0.0,4.6,1640.0,7543.999999999999
13,89.99,0.0,4.2,56.0,235.20000000000002
13,129.99,0.0,4.0,41.0,164.0
13,199.99,0.0,4.4,41.0,180.4
13,109.99,0.0,4.5,196.0,882.0
13,159.99,0.0,0.0,706.2771474878444,0.0
13,299.99,0.0,3.9,220.0,858.0
13,89.99,0.0,4.0,132.0,528.0
13,64.99,0.0,5.0,6.0,30.0
13,329.99,0.0,3.8,16.0,60.8
13,269.99,0.0,4.6,41.0,188.6
13,449.99,0.0,3.7,22.0,81.4
13,179.99,0.0,4.5,40.0,180.0
13,529.99,0.0,4.0,4.0,16.0
13,149.99,0.0,4.7,20.0,94.0
13,169.99,0.0,1.0,1.0,1.0
13,169.99,0.0,3.0,55.0,165.0
13,999.99,0.0,4.6,424.0,1950.3999999999999
13,1099.99,0.0,4.6,657.0,3022.2
13,99.99,0.0,4.4,38.0,167.20000000000002
13,199.99,0.0,4.4,48.0,211.20000000000002
13,119.99,0.0,4.5,26.0,117.0
13,239.99,0.0,4.1,109.0,446.9
13,999.99,0.0,4.5,36.0,162.0
13,139.99,0.0,4.7,13.0,61.1
13,549.99,0.0,4.4,16.0,70.4
13,249.99,0.0,4.2,194.0,814.8000000000001
13,239.99,0.0,4.4,354.0,1557.6000000000001
13,60.794880273660205,0.8085665334094803,4.5,4.0,18.0
13,399.99,0.0,3.9,62.0,241.79999999999998
13,259.99,0.0,2.8,5.0,14.0
13,399.99,0.0,4.2,14.0,58.800000000000004
13,89.99,0.0,4.0,90.0,360.0
13,119.99,0.0,4.4,104.0,457.6
13,299.99,0.0,4.2,247.0,1037.4
13,129.99,0.0,4.7,93.0,437.1
13,159.99,0.0,4.0,18.0,72.0
13,189.99,0.0,4.1,7.0,28.699999999999996
13,169.99,0.0,4.4,262.0,1152.8000000000002
13,269.99,0.0,4.8,190.0,912.0
13,199.99,0.0,0.0,706.2771474878444,0.0
13,179.99,0.0,4.5,209.0,940.5
13,179.99,0.0,2.9,64.0,185.6
13,149.99,0.0,4.1,344.0,1410.3999999999999
13,59.99,0.0,4.1,114.0,467.4
13,159.99,0.0,4.9,10.0,49.0
13,549.99,0.0,4.1,9.0,36.9
13,69.97,0.0,4.5,26.0,117.0
13,349.99,0.0,4.6,313.0,1439.8
13,139.99,0.0,4.9,7.0,34.300000000000004
13,209.99,0.0,4.3,286.0,1229.8
13,329.99,0.0,4.6,235.0,1081.0
13,99.99,0.0,4.2,67.0,281.40000000000003
13,169.99,0.0,3.949852507374631,706.2771474878444,2789.6905619062645
13,229.99,0.0,4.4,229.0,1007.6000000000001
13,179.99,0.0,4.6,42.0,193.2
13,149.99,0.0,4.7,78.0,366.6
13,269.99,0.0,4.3,232.0,997.5999999999999
13,249.99,0.0,4.1,264.0,1082.3999999999999
13,569.99,0.0,4.5,208.0,936.0
13,219.99,0.0,4.4,87.0,382.8
13,189.99,0.0,4.7,23.0,108.10000000000001
13,299.99,0.0,3.3,88.0,290.4
13,219.99,0.0,4.3,751.0,3229.2999999999997
13,159.99,0.0,3.6,67.0,241.20000000000002
13,149.99,0.0,4.1,75.0,307.5
13,129.99,0.0,4.0,29.0,116.0
13,139.99,0.0,4.3,3.0,12.899999999999999
13,239.99,0.0,0.0,706.2771474878444,0.0
13,229.99,0.0,4.4,553.0,2433.2000000000003
13,249.99,0.0,5.0,1.0,5.0
13,139.99,0.0,3.8,146.0,554.8
13,129.99,0.0,4.0,22.0,88.0
13,259.99,0.0,3.8,6.0,22.799999999999997
13,139.99,0.0,4.3,32.0,137.6
13,219.99,0.0,4.5,140.0,630.0
13,159.99,0.0,4.5,288.0,1296.0
13,249.99,0.0,4.8,84.0,403.2
13,79.99,0.0,4.2,104.0,436.8
13,649.99,0.0,4.7,305.0,1433.5
14,11.99,0.0,3.949852507374631,706.2771474878444,2789.6905619062645
14,9.99,0.0,3.949852507374631,706.2771474878444,2789.6905619062645
14,18.99,0.0,3.949852507374631,706.2771474878444,2789.6905619062645
14,9.99,0.0,3.949852507374631,706.2771474878444,2789.6905619062645
14,14.99,0.0,3.949852507374631,706.2771474878444,2789.6905619062645
14,14.99,0.0,3.949852507374631,706.2771474878444,2789.6905619062645
14,47.99,0.0,4.7,631.0,2965.7000000000003
14,17.99,0.0,3.949852507374631,706.2771474878444,2789.6905619062645
14,33.99,0.0,3.949852507374631,706.2771474878444,2789.6905619062645
14,14.99,0.0,3.949852507374631,706.2771474878444,2789.6905619062645
14,10.99,0.0,3.949852507374631,706.2771474878444,2789.6905619062645
14,48.99,0.0,3.949852507374631,706.2771474878444,2789.6905619062645
14,14.99,0.0,3.949852507374631,706.2771474878444,2789.6905619062645
14,44.99,0.0,4.7,2525.0,11867.5
14,44.99,0.0,4.6,1822.0,8381.199999999999
14,10.99,0.0,3.949852507374631,706.2771474878444,2789.6905619062645
14,12.99,0.0,3.949852507374631,706.2771474878444,2789.6905619062645
14,11.69,0.0,3.949852507374631,706.2771474878444,2789.6905619062645
14,39.99,0.0,4.4,440.0,1936.0000000000002
14,17.99,0.0,3.949852507374631,706.2771474878444,2789.6905619062645
14,17.99,0.0,3.949852507374631,706.2771474878444,2789.6905619062645
14,11.99,0.0,3.949852507374631,706.2771474878444,2789.6905619062645
14,49.99,0.0,4.6,1819.0,8367.4
14,19.99,0.0,3.949852507374631,706.2771474878444,2789.6905619062645
14,12.99,0.0,3.949852507374631,706.2771474878444,2789.6905619062645
14,9.99,0.0,3.949852507374631,706.2771474878444,2789.6905619062645
14,9.49,0.0,3.949852507374631,706.2771474878444,2789.6905619062645
14,44.99,0.0,4.8,2216.0,10636.8
14,10.99,0.0,3.949852507374631,706.2771474878444,2789.6905619062645
14,17.99,0.0,3.949852507374631,706.2771474878444,2789.6905619062645
14,39.99,0.0,4.5,1046.0,4707.0
14,10.99,0.0,3.949852507374631,706.2771474878444,2789.6905619062645
14,27.99,0.0,4.7,571.0,2683.7000000000003
15,189.99,0.0,0.0,706.2771474878444,0.0
15,59.99,20.0,4.6,1571.0,7226.599999999999
15,14.99,0.0,3.949852507374631,706.2771474878444,2789.6905619062645
15,9.69,3.3,3.949852507374631,706.2771474878444,2789.6905619062645
15,23.99,0.0,3.949852507374631,706.2771474878444,2789.6905619062645
15,9.69,3.3,3.949852507374631,706.2771474878444,2789.6905619062645
15,10.99,3.0,3.949852507374631,706.2771474878444,2789.6905619062645
15,11.99,0.0,3.949852507374631,706.2771474878444,2789.6905619062645
15,18.99,0.0,3.949852507374631,706.2771474878444,2789.6905619062645
15,13.99,0.0,3.949852507374631,706.2771474878444,2789.6905619062645
15,74.99,0.0,4.6,255.0,1173.0
15,7.99,0.0,3.949852507374631,706.2771474878444,2789.6905619062645
15,22.99,0.0,3.949852507374631,706.2771474878444,2789.6905619062645
15,10.99,3.0,3.949852507374631,706.2771474878444,2789.6905619062645
15,18.99,0.0,3.949852507374631,706.2771474878444,2789.6905619062645
15,14.99,0.0,3.949852507374631,706.2771474878444,2789.6905619062645
15,22.99,0.0,3.949852507374631,706.2771474878444,2789.6905619062645
15,9.99,0.0,3.949852507374631,706.2771474878444,2789.6905619062645
15,12.49,0.0,3.949852507374631,706.2771474878444,2789.6905619062645
15,13.49,0.0,3.949852507374631,706.2771474878444,2789.6905619062645
15,13.99,0.0,3.949852507374631,706.2771474878444,2789.6905619062645
15,14.99,0.0,3.949852507374631,706.2771474878444,2789.6905619062645
15,18.99,0.0,3.949852507374631,706.2771474878444,2789.6905619062645
15,19.99,0.0,3.949852507374631,706.2771474878444,2789.6905619062645
15,19.99,0.0,3.949852507374631,706.2771474878444,2789.6905619062645
15,13.99,0.0,3.949852507374631,706.2771474878444,2789.6905619062645
15,52.99,0.0,3.949852507374631,706.2771474878444,2789.6905619062645
15,9.99,0.0,3.949852507374631,706.2771474878444,2789.6905619062645
15,13.99,0.0,3.949852507374631,706.2771474878444,2789.6905619062645
15,26.99,0.0,3.949852507374631,706.2771474878444,2789.6905619062645
15,10.39,3.6,3.949852507374631,706.2771474878444,2789.6905619062645
15,17.99,0.0,3.949852507374631,706.2771474878444,2789.6905619062645
15,17.99,0.0,3.949852507374631,706.2771474878444,2789.6905619062645
15,14.99,0.0,3.949852507374631,706.2771474878444,2789.6905619062645
15,14.99,0.0,3.949852507374631,706.2771474878444,2789.6905619062645
15,10.99,0.0,3.949852507374631,706.2771474878444,2789.6905619062645
15,59.99,20.0,4.7,1444.0,6786.8
15,56.99,0.0,4.8,851.0,4084.7999999999997
15,79.99,0.0,4.8,115.0,552.0
15,39.99,0.0,4.7,98.0,460.6
15,14.99,0.0,3.949852507374631,706.2771474878444,2789.6905619062645
15,3.99,0.0,3.949852507374631,706.2771474878444,2789.6905619062645
15,79.99,0.0,4.5,122.0,549.0
15,29.99,0.0,4.2,122.0,512.4
15,24.99,0.0,3.949852507374631,706.2771474878444,2789.6905619062645
15,59.99,0.0,4.7,50.0,235.0
15,29.99,0.0,4.8,1241.0,5956.8
15,4.79,0.0,3.949852507374631,706.2771474878444,2789.6905619062645
15,17.49,3.5,3.949852507374631,706.2771474878444,2789.6905619062645
15,64.99,0.0,4.3,285.0,1225.5
15,12.99,0.0,3.949852507374631,706.2771474878444,2789.6905619062645
15,14.99,0.0,3.949852507374631,706.2771474878444,2789.6905619062645
15,17.99,0.0,3.949852507374631,706.2771474878444,2789.6905619062645
15,13.99,0.0,3.949852507374631,706.2771474878444,2789.6905619062645
15,14.99,0.0,3.949852507374631,706.2771474878444,2789.6905619062645
15,10.99,0.0,3.949852507374631,706.2771474878444,2789.6905619062645
15,19.99,0.0,3.949852507374631,706.2771474878444,2789.6905619062645
15,11.99,0.0,3.949852507374631,706.2771474878444,2789.6905619062645
15,21.99,0.0,4.5,122.0,549.0
15,15.99,0.0,3.949852507374631,706.2771474878444,2789.6905619062645
15,349.99,0.0,4.3,15.0,64.5
15,44.99,0.0,5.0,3.0,15.0
15,10.99,0.0,3.949852507374631,706.2771474878444,2789.6905619062645
15,13.99,0.0,3.949852507374631,706.2771474878444,2789.6905619062645
15,8.99,0.0,3.949852507374631,706.2771474878444,2789.6905619062645
15,49.99,0.0,4.7,646.0,3036.2000000000003
15,10.99,0.0,3.949852507374631,706.2771474878444,2789.6905619062645
15,27.99,0.0,5.0,1.0,5.0
15,109.99,0.0,4.5,52.0,234.0
15,12.99,0.0,3.949852507374631,706.2771474878444,2789.6905619062645
15,10.99,0.0,3.949852507374631,706.2771474878444,2789.6905619062645
15,59.99,0.0,4.7,401.0,1884.7
15,10.69,0.0,3.949852507374631,706.2771474878444,2789.6905619062645
15,10.99,0.0,3.949852507374631,706.2771474878444,2789.6905619062645
15,13.99,0.0,3.949852507374631,706.2771474878444,2789.6905619062645
15,15.99,0.0,3.949852507374631,706.2771474878444,2789.6905619062645
15,10.99,0.0,3.949852507374631,706.2771474878444,2789.6905619062645
15,24.99,0.0,3.949852507374631,706.2771474878444,2789.6905619062645
15,12.99,0.0,3.949852507374631,706.2771474878444,2789.6905619062645
15,21.99,0.0,4.4,41.0,180.4
15,7.99,0.0,3.949852507374631,706.2771474878444,2789.6905619062645
15,6.69,0.0,3.949852507374631,706.2771474878444,2789.6905619062645
15,37.99,0.0,3.949852507374631,706.2771474878444,2789.6905619062645
15,69.99,0.0,4.5,4.0,18.0
15,6.49,0.0,3.949852507374631,706.2771474878444,2789.6905619062645
15,14.99,0.0,3.949852507374631,706.2771474878444,2789.6905619062645
15,14.99,0.0,3.949852507374631,706.2771474878444,2789.6905619062645
15,229.99,0.0,4.3,43.0,184.9
15,7.99,0.0,3.949852507374631,706.2771474878444,2789.6905619062645
15,16.99,0.0,3.949852507374631,706.2771474878444,2789.6905619062645
15,99.99,0.0,4.4,215.0,946.0000000000001
15,10.99,0.0,3.949852507374631,706.2771474878444,2789.6905619062645
15,21.99,0.0,3.949852507374631,706.2771474878444,2789.6905619062645
15,10.69,3.3,3.949852507374631,706.2771474878444,2789.6905619062645
15,9.99,0.0,3.949852507374631,706.2771474878444,2789.6905619062645
15,10.69,3.3,3.949852507374631,706.2771474878444,2789.6905619062645
15,14.99,0.0,3.949852507374631,706.2771474878444,2789.6905619062645
15,10.49,0.0,3.949852507374631,706.2771474878444,2789.6905619062645
15,54.99,0.0,4.9,41.0,200.9
15,9.99,0.0,3.949852507374631,706.2771474878444,2789.6905619062645
15,12.99,0.0,3.949852507374631,706.2771474878444,2789.6905619062645
15,49.99,0.0,3.7,17.0,62.900000000000006
15,11.99,0.0,3.949852507374631,706.2771474878444,2789.6905619062645
15,16.99,0.0,3.949852507374631,706.2771474878444,2789.6905619062645
15,44.99,0.0,3.9,15.0,58.5
15,9.99,0.0,3.949852507374631,706.2771474878444,2789.6905619062645
15,10.99,0.0,3.949852507374631,706.2771474878444,2789.6905619062645
15,36.99,0.0,4.7,561.0,2636.7000000000003
15,8.99,0.0,3.949852507374631,706.2771474878444,2789.6905619062645
15,19.99,0.0,4.7,411.0,1931.7
15,27.99,0.0,3.949852507374631,706.2771474878444,2789.6905619062645
15,10.99,0.0,3.949852507374631,706.2771474878444,2789.6905619062645
15,16.99,0.0,3.949852507374631,706.2771474878444,2789.6905619062645
15,15.99,0.0,3.949852507374631,706.2771474878444,2789.6905619062645
15,18.99,0.0,3.949852507374631,706.2771474878444,2789.6905619062645
15,12.99,0.0,3.949852507374631,706.2771474878444,2789.6905619062645
15,6.99,0.0,3.949852507374631,706.2771474878444,2789.6905619062645
15,9.49,0.0,3.949852507374631,706.2771474878444,2789.6905619062645
15,9.99,0.0,3.949852507374631,706.2771474878444,2789.6905619062645
15,8.99,0.0,3.949852507374631,706.2771474878444,2789.6905619062645
15,19.99,0.0,4.9,906.0,4439.400000000001
15,36.99,0.0,3.3,11.0,36.3
15,16.99,0.8085665334094803,3.949852507374631,706.2771474878444,2789.6905619062645
15,9.99,0.0,3.949852507374631,706.2771474878444,2789.6905619062645
15,21.99,0.0,3.949852507374631,706.2771474878444,2789.6905619062645
15,10.99,0.0,3.949852507374631,706.2771474878444,2789.6905619062645
15,17.99,0.0,3.949852507374631,706.2771474878444,2789.6905619062645
15,16.99,0.0,3.949852507374631,706.2771474878444,2789.6905619062645
15,8.49,0.0,3.949852507374631,706.2771474878444,2789.6905619062645
15,349.99,0.0,4.1,19.0,77.89999999999999
15,14.99,0.0,3.949852507374631,706.2771474878444,2789.6905619062645
15,49.99,0.0,4.8,880.0,4224.0
15,9.99,0.0,3.949852507374631,706.2771474878444,2789.6905619062645
15,14.99,0.0,3.949852507374631,706.2771474878444,2789.6905619062645
15,16.99,0.0,4.7,970.0,4559.0
15,8.49,0.0,3.949852507374631,706.2771474878444,2789.6905619062645
15,49.99,0.0,4.4,172.0,756.8000000000001
15,6.99,0.0,3.949852507374631,706.2771474878444,2789.6905619062645
15,37.99,0.0,4.4,46.0,202.4
15,17.99,0.0,3.949852507374631,706.2771474878444,2789.6905619062645
15,8.99,0.8085665334094803,3.949852507374631,706.2771474878444,2789.6905619062645
15,56.99,0.0,4.7,177.0,831.9
15,19.99,0.0,3.949852507374631,706.2771474878444,2789.6905619062645
15,15.99,0.0,3.949852507374631,706.2771474878444,2789.6905619062645
15,11.99,0.0,3.949852507374631,706.2771474878444,2789.6905619062645
15,26.99,0.0,3.949852507374631,706.2771474878444,2789.6905619062645
15,12.99,0.0,3.949852507374631,706.2771474878444,2789.6905619062645
15,24.99,0.0,3.949852507374631,706.2771474878444,2789.6905619062645
15,16.99,0.0,3.949852507374631,706.2771474878444,2789.6905619062645
15,26.99,0.0,3.949852507374631,706.2771474878444,2789.6905619062645
15,10.99,0.0,3.949852507374631,706.2771474878444,2789.6905619062645
15,15.99,0.0,3.949852507374631,706.2771474878444,2789.6905619062645
15,10.49,0.0,3.949852507374631,706.2771474878444,2789.6905619062645
15,10.99,0.0,3.949852507374631,706.2771474878444,2789.6905619062645
15,6.99,0.0,3.949852507374631,706.2771474878444,2789.6905619062645
15,7.99,0.0,3.949852507374631,706.2771474878444,2789.6905619062645
15,11.99,0.0,3.949852507374631,706.2771474878444,2789.6905619062645
15,28.99,0.0,3.949852507374631,706.2771474878444,2789.6905619062645
15,49.99,0.0,4.1,47.0,192.7
15,54.99,0.0,4.5,39.0,175.5
15,8.99,0.0,3.949852507374631,706.2771474878444,2789.6905619062645
15,21.99,0.0,4.6,437.0,2010.1999999999998
15,8.49,0.0,3.949852507374631,706.2771474878444,2789.6905619062645
15,9.99,0.0,3.949852507374631,706.2771474878444,2789.6905619062645
15,7.99,0.0,3.949852507374631,706.2771474878444,2789.6905619062645
15,79.99,0.0,3.4,13.0,44.199999999999996
15,27.99,0.0,4.7,571.0,2683.7000000000003
15,44.99,0.0,4.8,23.0,110.39999999999999
15,79.99,0.0,4.6,308.0,1416.8
15,36.99,0.0,4.7,570.0,2679.0
15,19.99,0.0,4.6,680.0,3127.9999999999995
16,26.99,6.5,3.949852507374631,706.2771474878444,2789.6905619062645
16,29.99,0.0,3.949852507374631,706.2771474878444,2789.6905619062645
16,29.99,0.0,3.949852507374631,706.2771474878444,2789.6905619062645
16,18.49,5.0,3.949852507374631,706.2771474878444,2789.6905619062645
16,22.99,0.0,3.949852507374631,706.2771474878444,2789.6905619062645
16,31.99,0.0,4.6,256.0,1177.6
16,28.79,0.0,4.4,316.0,1390.4
16,26.99,0.0,3.1,12.0,37.2
16,34.99,0.0,3.949852507374631,706.2771474878444,2789.6905619062645
16,24.99,0.0,3.949852507374631,706.2771474878444,2789.6905619062645
16,56.99,0.0,2.7,19.0,51.300000000000004
16,24.99,0.0,3.949852507374631,706.2771474878444,2789.6905619062645
16,24.99,0.0,3.949852507374631,706.2771474878444,2789.6905619062645
16,18.99,0.0,3.949852507374631,706.2771474878444,2789.6905619062645
16,16.19,3.8,3.949852507374631,706.2771474878444,2789.6905619062645
16,28.79,0.0,4.1,101.0,414.09999999999997
16,62.99,0.0,3.7,15.0,55.5
16,46.99,0.0,4.2,1076.0,4519.2
16,25.99,0.0,3.949852507374631,706.2771474878444,2789.6905619062645
16,36.99,0.0,3.949852507374631,706.2771474878444,2789.6905619062645
16,48.99,0.0,3.949852507374631,706.2771474878444,2789.6905619062645
16,11.99,0.0,3.949852507374631,706.2771474878444,2789.6905619062645
16,12.99,0.0,3.949852507374631,706.2771474878444,2789.6905619062645
16,16.19,3.8,3.949852507374631,706.2771474878444,2789.6905619062645
16,28.99,0.0,5.0,3.0,15.0
16,24.99,0.0,3.949852507374631,706.2771474878444,2789.6905619062645
16,24.99,0.0,3.949852507374631,706.2771474878444,2789.6905619062645
16,24.99,0.0,3.949852507374631,706.2771474878444,2789.6905619062645
16,22.99,0.0,3.949852507374631,706.2771474878444,2789.6905619062645
16,23.99,0.0,4.7,116.0,545.2
16,28.99,0.0,0.0,706.2771474878444,0.0
16,16.19,3.8,3.949852507374631,706.2771474878444,2789.6905619062645
16,22.49,0.0,4.7,837.0,3933.9
16,13.69,3.3,3.949852507374631,706.2771474878444,2789.6905619062645
16,19.99,0.0,3.949852507374631,706.2771474878444,2789.6905619062645
16,26.49,0.0,3.949852507374631,706.2771474878444,2789.6905619062645
16,22.99,0.0,3.949852507374631,706.2771474878444,2789.6905619062645
16,16.19,3.8,3.949852507374631,706.2771474878444,2789.6905619062645
16,19.99,0.0,3.949852507374631,706.2771474878444,2789.6905619062645
16,18.49,0.0,3.949852507374631,706.2771474878444,2789.6905619062645
16,19.99,0.0,3.949852507374631,706.2771474878444,2789.6905619062645
16,26.99,0.0,3.949852507374631,706.2771474878444,2789.6905619062645
16,11.89,2.6,3.949852507374631,706.2771474878444,2789.6905619062645
16,12.49,0.0,3.949852507374631,706.2771474878444,2789.6905619062645
16,34.99,0.0,3.949852507374631,706.2771474878444,2789.6905619062645
16,38.99,0.0,3.949852507374631,706.2771474878444,2789.6905619062645
16,14.99,0.0,3.949852507374631,706.2771474878444,2789.6905619062645
16,13.99,0.0,3.949852507374631,706.2771474878444,2789.6905619062645
16,16.99,0.0,3.949852507374631,706.2771474878444,2789.6905619062645
16,19.99,0.0,3.949852507374631,706.2771474878444,2789.6905619062645
16,14.99,0.0,3.949852507374631,706.2771474878444,2789.6905619062645
16,14.99,0.0,3.949852507374631,706.2771474878444,2789.6905619062645
16,14.99,0.0,3.949852507374631,706.2771474878444,2789.6905619062645
16,12.99,0.0,3.949852507374631,706.2771474878444,2789.6905619062645
16,13.99,0.0,3.949852507374631,706.2771474878444,2789.6905619062645
16,57.99,0.0,4.7,10.0,47.0
16,52.99,0.0,3.7,6.0,22.200000000000003
16,13.99,0.0,3.949852507374631,706.2771474878444,2789.6905619062645
16,72.99,0.0,3.5,2.0,7.0
16,18.99,0.0,3.949852507374631,706.2771474878444,2789.6905619062645
16,13.99,0.0,3.949852507374631,706.2771474878444,2789.6905619062645
16,14.99,0.0,3.949852507374631,706.2771474878444,2789.6905619062645
16,14.99,0.0,3.949852507374631,706.2771474878444,2789.6905619062645
16,19.49,0.0,3.949852507374631,706.2771474878444,2789.6905619062645
16,15.29,0.0,3.949852507374631,706.2771474878444,2789.6905619062645
16,14.99,0.0,3.949852507374631,706.2771474878444,2789.6905619062645
16,19.39,0.0,3.949852507374631,706.2771474878444,2789.6905619062645
16,33.99,0.0,3.949852507374631,706.2771474878444,2789.6905619062645
16,19.99,0.0,3.949852507374631,706.2771474878444,2789.6905619062645
16,24.99,0.0,3.949852507374631,706.2771474878444,2789.6905619062645
16,37.49,0.0,3.949852507374631,706.2771474878444,2789.6905619062645
16,13.39,0.0,3.949852507374631,706.2771474878444,2789.6905619062645
16,37.99,0.0,0.0,706.2771474878444,0.0
16,16.49,0.0,3.949852507374631,706.2771474878444,2789.6905619062645
16,20.99,0.0,3.949852507374631,706.2771474878444,2789.6905619062645
16,12.99,0.0,3.949852507374631,706.2771474878444,2789.6905619062645
16,19.99,0.0,3.949852507374631,706.2771474878444,2789.6905619062645
16,16.49,0.0,3.949852507374631,706.2771474878444,2789.6905619062645
16,79.99,0.0,5.0,4.0,20.0
16,16.49,0.0,3.949852507374631,706.2771474878444,2789.6905619062645
16,13.99,0.0,3.949852507374631,706.2771474878444,2789.6905619062645
16,28.99,0.0,3.949852507374631,706.2771474878444,2789.6905619062645
16,23.49,0.0,3.949852507374631,706.2771474878444,2789.6905619062645
16,33.99,0.0,3.949852507374631,706.2771474878444,2789.6905619062645
16,49.99,0.0,3.949852507374631,706.2771474878444,2789.6905619062645
17,159.99,0.0,4.2,11.0,46.2
17,149.99,0.0,4.5,249.0,1120.5
17,139.99,0.0,4.4,207.0,910.8000000000001
17,179.99,0.0,4.5,40.0,180.0
17,149.99,0.0,4.7,20.0,94.0
17,99.99,0.0,4.4,38.0,167.20000000000002
17,60.794880273660205,0.8085665334094803,4.5,4.0,18.0
17,179.99,0.0,4.6,42.0,193.2
17,219.99,0.0,4.5,140.0,630.0
18,149.99,70.0,4.6,1237.0,5690.2
18,239.99,60.0,4.0,108.0,432.0
18,14.99,0.0,3.949852507374631,706.2771474878444,2789.6905619062645
18,259.99,0.0,0.0,706.2771474878444,0.0
18,209.99,0.0,4.2,179.0,751.8000000000001
18,349.99,0.0,4.4,8.0,35.2
18,199.99,0.0,4.5,50.0,225.0
18,219.99,0.0,4.0,602.0,2408.0
18,119.99,0.0,3.5,109.0,381.5
18,229.99,0.0,4.6,349.0,1605.3999999999999
18,199.99,0.0,3.9,1100.0,4290.0
18,349.99,0.0,4.2,104.0,436.8
18,239.99,0.0,4.6,335.0,1540.9999999999998
18,279.99,0.0,0.0,706.2771474878444,0.0
18,179.99,0.0,3.4,141.0,479.4
18,299.99,0.0,4.5,110.0,495.0
18,239.99,0.0,0.0,706.2771474878444,0.0
18,219.99,0.0,4.5,388.0,1746.0
18,109.99,0.0,4.1,134.0,549.4
18,249.99,0.0,4.6,13.0,59.8
18,229.99,0.0,4.4,947.0,4166.8
18,379.99,0.0,4.4,134.0,589.6
18,159.99,0.0,0.0,706.2771474878444,0.0
18,64.99,0.0,4.4,53.0,233.20000000000002
18,189.99,0.0,4.2,677.0,2843.4
18,59.99,0.0,4.5,1550.0,6975.0
18,79.99,0.0,4.4,75.0,330.0
18,129.99,0.0,4.0,41.0,164.0
18,269.99,0.0,4.6,41.0,188.6
18,169.99,0.0,1.0,1.0,1.0
18,199.99,0.0,4.4,48.0,211.20000000000002
18,119.99,0.0,4.5,26.0,117.0
18,259.99,0.0,2.8,5.0,14.0
18,169.99,0.0,4.4,262.0,1152.8000000000002
18,269.99,0.0,4.8,190.0,912.0
18,199.99,0.0,0.0,706.2771474878444,0.0
18,179.99,0.0,2.9,64.0,185.6
18,59.99,0.0,4.1,114.0,467.4
18,69.97,0.0,4.5,26.0,117.0
18,269.99,0.0,4.3,232.0,997.5999999999999
18,249.99,0.0,4.1,264.0,1082.3999999999999
18,219.99,0.0,4.4,87.0,382.8
18,189.99,0.0,4.7,23.0,108.10000000000001
18,139.99,0.0,4.3,3.0,12.899999999999999
18,159.99,0.0,4.5,288.0,1296.0
18,249.99,0.0,4.8,84.0,403.2
18,79.99,0.0,4.2,104.0,436.8
19,8.99,0.0,3.949852507374631,706.2771474878444,2789.6905619062645
19,23.99,0.0,3.949852507374631,706.2771474878444,2789.6905619062645
19,39.99,10.0,4.7,292.0,1372.4
19,39.99,10.0,4.8,273.0,1310.3999999999999
19,16.99,5.0,3.949852507374631,706.2771474878444,2789.6905619062645
19,13.99,0.0,3.949852507374631,706.2771474878444,2789.6905619062645
19,13.99,0.0,3.949852507374631,706.2771474878444,2789.6905619062645
19,13.99,0.0,3.949852507374631,706.2771474878444,2789.6905619062645
19,18.99,0.0,3.949852507374631,706.2771474878444,2789.6905619062645
19,23.99,0.0,3.949852507374631,706.2771474878444,2789.6905619062645
19,22.99,0.0,3.949852507374631,706.2771474878444,2789.6905619062645
19,16.99,0.0,3.949852507374631,706.2771474878444,2789.6905619062645
19,9.49,3.5,3.949852507374631,706.2771474878444,2789.6905619062645
19,22.99,0.0,3.949852507374631,706.2771474878444,2789.6905619062645
19,20.99,7.0,3.949852507374631,706.2771474878444,2789.6905619062645
19,23.99,0.0,3.949852507374631,706.2771474878444,2789.6905619062645
19,60.794880273660205,0.8085665334094803,3.949852507374631,706.2771474878444,2789.6905619062645
19,22.99,0.0,3.949852507374631,706.2771474878444,2789.6905619062645
19,49.99,0.0,5.0,2.0,10.0
19,23.99,0.0,3.949852507374631,706.2771474878444,2789.6905619062645
19,11.49,3.5,3.949852507374631,706.2771474878444,2789.6905619062645
19,14.99,0.0,3.949852507374631,706.2771474878444,2789.6905619062645
19,17.99,0.0,3.949852507374631,706.2771474878444,2789.6905619062645
19,18.99,0.0,3.949852507374631,706.2771474878444,2789.6905619062645
19,11.99,0.0,3.949852507374631,706.2771474878444,2789.6905619062645
19,11.89,4.1,3.949852507374631,706.2771474878444,2789.6905619062645
19,44.99,0.0,4.1,441.0,1808.1
19,14.99,0.0,3.949852507374631,706.2771474878444,2789.6905619062645
19,10.99,0.0,3.949852507374631,706.2771474878444,2789.6905619062645
19,42.99,0.0,4.2,243.0,1020.6
19,54.99,0.0,4.5,437.0,1966.5
19,17.99,0.0,3.949852507374631,706.2771474878444,2789.6905619062645
19,15.99,0.0,3.949852507374631,706.2771474878444,2789.6905619062645
19,22.99,0.0,3.949852507374631,706.2771474878444,2789.6905619062645
19,22.99,0.0,3.949852507374631,706.2771474878444,2789.6905619062645
19,17.99,0.0,3.949852507374631,706.2771474878444,2789.6905619062645
19,27.99,0.0,4.7,1418.0,6664.6
19,12.99,0.0,3.949852507374631,706.2771474878444,2789.6905619062645
19,8.99,2.0,3.949852507374631,706.2771474878444,2789.6905619062645
19,18.99,0.0,3.949852507374631,706.2771474878444,2789.6905619062645
19,17.99,0.0,3.949852507374631,706.2771474878444,2789.6905619062645
19,17.99,0.0,3.949852507374631,706.2771474878444,2789.6905619062645
19,9.99,0.0,3.949852507374631,706.2771474878444,2789.6905619062645
19,16.99,0.0,3.949852507374631,706.2771474878444,2789.6905619062645
19,10.69,2.3,3.949852507374631,706.2771474878444,2789.6905619062645
19,16.99,0.0,3.949852507374631,706.2771474878444,2789.6905619062645
19,13.99,0.0,3.949852507374631,706.2771474878444,2789.6905619062645
19,13.99,0.0,3.949852507374631,706.2771474878444,2789.6905619062645
19,14.99,0.0,3.949852507374631,706.2771474878444,2789.6905619062645
19,17.99,0.0,3.949852507374631,706.2771474878444,2789.6905619062645
19,12.99,0.0,3.949852507374631,706.2771474878444,2789.6905619062645
19,18.99,0.0,3.949852507374631,706.2771474878444,2789.6905619062645
19,19.99,0.0,3.949852507374631,706.2771474878444,2789.6905619062645
19,17.99,0.0,3.949852507374631,706.2771474878444,2789.6905619062645
19,24.49,0.0,3.949852507374631,706.2771474878444,2789.6905619062645
19,49.99,0.0,5.0,11.0,55.0
19,32.99,0.0,3.949852507374631,706.2771474878444,2789.6905619062645
19,17.99,0.0,3.949852507374631,706.2771474878444,2789.6905619062645
19,22.99,0.0,3.949852507374631,706.2771474878444,2789.6905619062645
19,15.99,0.0,3.949852507374631,706.2771474878444,2789.6905619062645
19,19.99,0.0,3.949852507374631,706.2771474878444,2789.6905619062645
19,19.99,0.0,3.949852507374631,706.2771474878444,2789.6905619062645
19,44.99,0.0,3.949852507374631,706.2771474878444,2789.6905619062645
19,17.99,0.0,3.949852507374631,706.2771474878444,2789.6905619062645
19,10.49,0.0,3.949852507374631,706.2771474878444,2789.6905619062645
19,17.99,0.0,3.949852507374631,706.2771474878444,2789.6905619062645
19,38.99,0.0,4.7,2153.0,10119.1
19,17.99,0.0,3.949852507374631,706.2771474878444,2789.6905619062645
19,13.99,0.0,3.949852507374631,706.2771474878444,2789.6905619062645
19,49.99,0.0,4.8,101.0,484.79999999999995
19,9.99,0.0,3.949852507374631,706.2771474878444,2789.6905619062645
19,18.99,0.0,3.949852507374631,706.2771474878444,2789.6905619062645
19,11.59,2.4,3.949852507374631,706.2771474878444,2789.6905619062645
19,33.99,0.0,3.949852507374631,706.2771474878444,2789.6905619062645
19,39.99,0.0,4.1,92.0,377.2
19,13.49,0.0,3.949852507374631,706.2771474878444,2789.6905619062645
19,13.99,5.0,3.949852507374631,706.2771474878444,2789.6905619062645
19,26.99,0.0,3.949852507374631,706.2771474878444,2789.6905619062645
19,21.99,0.0,3.949852507374631,706.2771474878444,2789.6905619062645
19,12.49,0.0,3.949852507374631,706.2771474878444,2789.6905619062645
19,15.39,0.0,3.949852507374631,706.2771474878444,2789.6905619062645
19,21.99,0.0,3.949852507374631,706.2771474878444,2789.6905619062645
19,24.99,0.0,3.949852507374631,706.2771474878444,2789.6905619062645
19,13.19,0.0,3.949852507374631,706.2771474878444,2789.6905619062645
19,11.99,0.0,4.6,731.0,3362.6
19,12.99,0.0,3.949852507374631,706.2771474878444,2789.6905619062645
19,10.99,0.0,3.949852507374631,706.2771474878444,2789.6905619062645
19,18.39,3.6,3.949852507374631,706.2771474878444,2789.6905619062645
19,16.99,0.0,3.949852507374631,706.2771474878444,2789.6905619062645
19,21.99,0.0,3.949852507374631,706.2771474878444,2789.6905619062645
19,23.99,0.0,3.949852507374631,706.2771474878444,2789.6905619062645
19,15.99,0.0,3.949852507374631,706.2771474878444,2789.6905619062645
19,14.99,0.0,3.949852507374631,706.2771474878444,2789.6905619062645
19,49.99,0.0,4.2,85.0,357.0
19,8.99,0.0,3.949852507374631,706.2771474878444,2789.6905619062645
19,12.49,0.0,3.949852507374631,706.2771474878444,2789.6905619062645
19,12.99,0.0,3.949852507374631,706.2771474878444,2789.6905619062645
19,13.99,0.0,3.949852507374631,706.2771474878444,2789.6905619062645
19,16.99,0.0,3.949852507374631,706.2771474878444,2789.6905619062645
19,9.99,0.0,3.949852507374631,706.2771474878444,2789.6905619062645
19,19.99,0.0,3.949852507374631,706.2771474878444,2789.6905619062645
19,15.99,0.0,3.949852507374631,706.2771474878444,2789.6905619062645
19,13.99,0.0,3.949852507374631,706.2771474878444,2789.6905619062645
19,21.79,0.0,3.949852507374631,706.2771474878444,2789.6905619062645
19,18.99,0.0,3.949852507374631,706.2771474878444,2789.6905619062645
19,12.99,0.0,3.949852507374631,706.2771474878444,2789.6905619062645
19,16.99,0.0,3.949852507374631,706.2771474878444,2789.6905619062645
19,13.99,0.0,3.949852507374631,706.2771474878444,2789.6905619062645
19,11.99,0.0,3.949852507374631,706.2771474878444,2789.6905619062645
19,7.79,2.2,3.949852507374631,706.2771474878444,2789.6905619062645
19,24.99,0.0,4.4,5.0,22.0
19,16.99,0.0,3.949852507374631,706.2771474878444,2789.6905619062645
19,14.99,0.0,3.949852507374631,706.2771474878444,2789.6905619062645
19,21.99,0.0,3.949852507374631,706.2771474878444,2789.6905619062645
19,18.99,0.0,3.949852507374631,706.2771474878444,2789.6905619062645
19,42.99,0.0,3.7,82.0,303.40000000000003
19,11.99,0.0,3.949852507374631,706.2771474878444,2789.6905619062645
19,19.99,0.0,3.949852507374631,706.2771474878444,2789.6905619062645
19,42.99,0.0,3.4,79.0,268.59999999999997
19,12.99,0.0,3.949852507374631,706.2771474878444,2789.6905619062645
19,10.99,0.0,3.949852507374631,706.2771474878444,2789.6905619062645
19,10.99,0.0,3.949852507374631,706.2771474878444,2789.6905619062645
19,13.99,0.0,3.949852507374631,706.2771474878444,2789.6905619062645
19,10.99,0.0,3.949852507374631,706.2771474878444,2789.6905619062645
19,19.99,0.0,3.949852507374631,706.2771474878444,2789.6905619062645
19,17.99,0.0,3.949852507374631,706.2771474878444,2789.6905619062645
19,13.99,3.0,3.949852507374631,706.2771474878444,2789.6905619062645
19,12.99,0.0,3.949852507374631,706.2771474878444,2789.6905619062645
19,42.99,0.0,4.7,64.0,300.8
19,19.99,0.0,3.949852507374631,706.2771474878444,2789.6905619062645
19,29.99,0.0,3.949852507374631,706.2771474878444,2789.6905619062645
19,10.49,0.0,3.949852507374631,706.2771474878444,2789.6905619062645
19,15.99,0.0,3.949852507374631,706.2771474878444,2789.6905619062645
19,12.99,0.0,3.949852507374631,706.2771474878444,2789.6905619062645
19,15.99,0.0,3.949852507374631,706.2771474878444,2789.6905619062645
19,64.99,0.0,4.5,454.0,2043.0
19,17.99,0.0,3.949852507374631,706.2771474878444,2789.6905619062645
19,39.99,0.0,4.4,440.0,1936.0000000000002
19,42.99,0.0,4.0,128.0,512.0
19,16.99,0.0,3.949852507374631,706.2771474878444,2789.6905619062645
19,21.99,0.0,3.949852507374631,706.2771474878444,2789.6905619062645
19,12.99,0.0,3.949852507374631,706.2771474878444,2789.6905619062645
19,12.99,0.0,3.949852507374631,706.2771474878444,2789.6905619062645
19,12.99,0.0,3.949852507374631,706.2771474878444,2789.6905619062645
19,12.99,0.0,3.949852507374631,706.2771474878444,2789.6905619062645
19,23.99,0.0,3.949852507374631,706.2771474878444,2789.6905619062645
19,12.99,0.0,3.949852507374631,706.2771474878444,2789.6905619062645
19,26.99,0.0,3.949852507374631,706.2771474878444,2789.6905619062645
19,12.99,0.0,3.949852507374631,706.2771474878444,2789.6905619062645
19,20.99,0.0,3.949852507374631,706.2771474878444,2789.6905619062645
19,14.99,0.0,3.949852507374631,706.2771474878444,2789.6905619062645
19,19.99,0.0,3.949852507374631,706.2771474878444,2789.6905619062645
19,42.99,0.0,4.6,556.0,2557.6
19,11.99,0.0,3.949852507374631,706.2771474878444,2789.6905619062645
19,7.99,4.0,3.949852507374631,706.2771474878444,2789.6905619062645
19,9.49,0.0,3.949852507374631,706.2771474878444,2789.6905619062645
19,16.99,0.0,3.949852507374631,706.2771474878444,2789.6905619062645
19,36.99,0.0,3.949852507374631,706.2771474878444,2789.6905619062645
19,14.99,0.0,3.949852507374631,706.2771474878444,2789.6905619062645
19,14.99,0.0,3.949852507374631,706.2771474878444,2789.6905619062645
19,10.99,0.0,3.949852507374631,706.2771474878444,2789.6905619062645
19,15.99,0.0,3.949852507374631,706.2771474878444,2789.6905619062645
19,11.99,0.0,3.949852507374631,706.2771474878444,2789.6905619062645
19,15.99,0.0,3.949852507374631,706.2771474878444,2789.6905619062645
19,20.99,0.0,3.949852507374631,706.2771474878444,2789.6905619062645
19,10.99,0.0,3.949852507374631,706.2771474878444,2789.6905619062645
19,15.99,0.0,3.949852507374631,706.2771474878444,2789.6905619062645
19,21.99,0.0,3.949852507374631,706.2771474878444,2789.6905619062645
19,109.99,0.0,4.7,1103.0,5184.1
19,11.49,0.0,3.949852507374631,706.2771474878444,2789.6905619062645
19,16.99,0.0,3.949852507374631,706.2771474878444,2789.6905619062645
19,13.99,0.0,3.949852507374631,706.2771474878444,2789.6905619062645
19,13.79,0.0,3.949852507374631,706.2771474878444,2789.6905619062645
19,42.99,0.0,4.3,117.0,503.09999999999997
19,17.99,0.0,3.949852507374631,706.2771474878444,2789.6905619062645
19,36.99,0.0,3.949852507374631,706.2771474878444,2789.6905619062645
19,9.49,0.0,3.949852507374631,706.2771474878444,2789.6905619062645
19,16.99,0.0,3.949852507374631,706.2771474878444,2789.6905619062645
19,10.69,2.3,3.949852507374631,706.2771474878444,2789.6905619062645
19,12.99,0.0,3.949852507374631,706.2771474878444,2789.6905619062645
19,16.99,0.0,3.949852507374631,706.2771474878444,2789.6905619062645
19,10.99,0.0,3.949852507374631,706.2771474878444,2789.6905619062645
19,59.99,0.0,2.8,15.0,42.0
19,13.99,0.0,3.949852507374631,706.2771474878444,2789.6905619062645
19,14.99,3.0,3.949852507374631,706.2771474878444,2789.6905619062645
19,39.99,0.0,4.6,523.0,2405.7999999999997
19,49.99,0.0,3.949852507374631,706.2771474878444,2789.6905619062645
19,10.49,2.5,3.949852507374631,706.2771474878444,2789.6905619062645
19,11.49,0.0,3.949852507374631,706.2771474878444,2789.6905619062645
19,22.99,0.0,3.949852507374631,706.2771474878444,2789.6905619062645
19,21.99,0.0,3.949852507374631,706.2771474878444,2789.6905619062645
19,14.99,0.0,3.949852507374631,706.2771474878444,2789.6905619062645
19,16.99,0.0,3.949852507374631,706.2771474878444,2789.6905619062645
19,13.49,0.0,3.949852507374631,706.2771474878444,2789.6905619062645
19,28.99,0.0,3.949852507374631,706.2771474878444,2789.6905619062645
19,13.69,0.0,3.949852507374631,706.2771474878444,2789.6905619062645
19,11.99,0.0,3.949852507374631,706.2771474878444,2789.6905619062645
19,26.99,0.0,3.949852507374631,706.2771474878444,2789.6905619062645
19,11.89,3.1,3.949852507374631,706.2771474878444,2789.6905619062645
19,12.99,0.0,3.949852507374631,706.2771474878444,2789.6905619062645
19,16.99,0.0,3.949852507374631,706.2771474878444,2789.6905619062645
19,16.99,0.0,3.949852507374631,706.2771474878444,2789.6905619062645
19,62.99,0.0,3.949852507374631,706.2771474878444,2789.6905619062645
19,49.99,0.0,4.6,1819.0,8367.4
19,10.99,0.0,3.949852507374631,706.2771474878444,2789.6905619062645
19,32.99,0.0,4.5,786.0,3537.0
19,11.99,0.0,3.949852507374631,706.2771474878444,2789.6905619062645
19,35.99,0.0,3.949852507374631,706.2771474878444,2789.6905619062645
19,11.49,0.0,3.949852507374631,706.2771474878444,2789.6905619062645
19,17.99,0.0,3.949852507374631,706.2771474878444,2789.6905619062645
19,36.99,0.0,4.7,918.0,4314.6
19,17.99,0.0,3.949852507374631,706.2771474878444,2789.6905619062645
19,14.99,0.0,3.949852507374631,706.2771474878444,2789.6905619062645
19,19.99,0.0,3.949852507374631,706.2771474878444,2789.6905619062645
19,49.99,0.0,4.2,64.0,268.8
19,14.99,0.0,3.949852507374631,706.2771474878444,2789.6905619062645
19,16.99,0.0,3.949852507374631,706.2771474878444,2789.6905619062645
19,8.49,0.0,3.949852507374631,706.2771474878444,2789.6905619062645
19,18.99,0.0,3.949852507374631,706.2771474878444,2789.6905619062645
19,49.99,0.0,4.5,42.0,189.0
19,14.99,0.0,3.949852507374631,706.2771474878444,2789.6905619062645
19,29.99,0.0,0.0,706.2771474878444,0.0
19,17.99,0.0,3.949852507374631,706.2771474878444,2789.6905619062645
19,9.99,0.0,3.949852507374631,706.2771474878444,2789.6905619062645
19,19.99,0.0,3.949852507374631,706.2771474878444,2789.6905619062645
19,23.99,0.0,3.949852507374631,706.2771474878444,2789.6905619062645
19,16.99,0.0,3.949852507374631,706.2771474878444,2789.6905619062645
19,44.99,0.0,3.949852507374631,706.2771474878444,2789.6905619062645
19,9.99,0.0,3.949852507374631,706.2771474878444,2789.6905619062645
19,27.99,0.0,3.949852507374631,706.2771474878444,2789.6905619062645
19,17.99,0.0,3.949852507374631,706.2771474878444,2789.6905619062645
19,15.99,0.0,3.949852507374631,706.2771474878444,2789.6905619062645
19,14.99,0.0,3.949852507374631,706.2771474878444,2789.6905619062645
19,17.99,0.0,3.949852507374631,706.2771474878444,2789.6905619062645
19,37.99,0.0,3.949852507374631,706.2771474878444,2789.6905619062645
19,12.49,0.0,3.949852507374631,706.2771474878444,2789.6905619062645
19,11.49,3.5,3.949852507374631,706.2771474878444,2789.6905619062645
19,15.99,0.0,3.949852507374631,706.2771474878444,2789.6905619062645
19,17.99,0.0,3.949852507374631,706.2771474878444,2789.6905619062645
19,28.99,0.0,3.949852507374631,706.2771474878444,2789.6905619062645
19,17.99,0.0,3.949852507374631,706.2771474878444,2789.6905619062645
19,9.99,0.0,3.949852507374631,706.2771474878444,2789.6905619062645
19,9.49,0.0,3.949852507374631,706.2771474878444,2789.6905619062645
19,17.99,4.0,3.949852507374631,706.2771474878444,2789.6905619062645
19,8.49,0.0,3.949852507374631,706.2771474878444,2789.6905619062645
19,9.99,0.0,3.949852507374631,706.2771474878444,2789.6905619062645
19,15.99,0.0,3.949852507374631,706.2771474878444,2789.6905619062645
19,24.99,0.0,4.0,816.0,3264.0
19,18.99,0.0,3.949852507374631,706.2771474878444,2789.6905619062645
19,12.49,0.0,3.949852507374631,706.2771474878444,2789.6905619062645
19,39.99,0.0,4.6,1352.0,6219.2
19,9.99,0.0,3.949852507374631,706.2771474878444,2789.6905619062645
19,56.99,0.0,4.8,477.0,2289.6
19,59.99,0.0,3.2,4.0,12.8
19,15.99,0.0,3.949852507374631,706.2771474878444,2789.6905619062645
19,25.99,0.0,3.949852507374631,706.2771474878444,2789.6905619062645
19,11.99,0.0,3.949852507374631,706.2771474878444,2789.6905619062645
19,21.99,0.0,3.949852507374631,706.2771474878444,2789.6905619062645
19,18.49,0.0,3.949852507374631,706.2771474878444,2789.6905619062645
19,24.99,0.0,3.949852507374631,706.2771474878444,2789.6905619062645
19,11.99,0.0,3.949852507374631,706.2771474878444,2789.6905619062645
19,54.99,0.0,4.6,819.0,3767.3999999999996
19,22.99,0.0,3.949852507374631,706.2771474878444,2789.6905619062645
19,23.99,0.0,3.949852507374631,706.2771474878444,2789.6905619062645
19,18.99,0.0,3.949852507374631,706.2771474878444,2789.6905619062645
19,13.99,0.0,3.949852507374631,706.2771474878444,2789.6905619062645
19,11.99,0.0,3.949852507374631,706.2771474878444,2789.6905619062645
19,29.99,0.0,3.949852507374631,706.2771474878444,2789.6905619062645
19,26.99,0.0,3.949852507374631,706.2771474878444,2789.6905619062645
19,11.99,0.0,3.949852507374631,706.2771474878444,2789.6905619062645
19,10.99,0.0,3.949852507374631,706.2771474878444,2789.6905619062645
19,49.99,0.0,3.949852507374631,706.2771474878444,2789.6905619062645
19,10.49,0.0,3.949852507374631,706.2771474878444,2789.6905619062645
19,11.99,0.0,3.949852507374631,706.2771474878444,2789.6905619062645
19,11.99,0.0,3.949852507374631,706.2771474878444,2789.6905619062645
19,17.99,0.0,3.949852507374631,706.2771474878444,2789.6905619062645
19,39.99,0.0,4.4,11.0,48.400000000000006
19,17.99,0.0,3.949852507374631,706.2771474878444,2789.6905619062645
19,22.99,0.0,3.949852507374631,706.2771474878444,2789.6905619062645
19,23.99,0.0,3.949852507374631,706.2771474878444,2789.6905619062645
19,12.49,0.0,3.949852507374631,706.2771474878444,2789.6905619062645
19,16.99,0.0,3.949852507374631,706.2771474878444,2789.6905619062645
19,32.99,0.0,4.6,611.0,2810.6
19,23.99,0.0,3.949852507374631,706.2771474878444,2789.6905619062645
19,49.99,0.0,0.0,706.2771474878444,0.0
19,49.99,0.0,0.0,706.2771474878444,0.0
19,49.99,0.0,0.0,706.2771474878444,0.0
19,10.99,0.0,3.949852507374631,706.2771474878444,2789.6905619062645
19,23.99,0.0,3.949852507374631,706.2771474878444,2789.6905619062645
19,49.99,0.0,3.949852507374631,706.2771474878444,2789.6905619062645
19,22.99,0.0,3.949852507374631,706.2771474878444,2789.6905619062645
19,17.49,0.0,3.949852507374631,706.2771474878444,2789.6905619062645
19,21.99,0.0,3.949852507374631,706.2771474878444,2789.6905619062645
